Video_Code,Set,Number,Mom,Neighbour,Seed_Type,Seed_Number,Seed_Mass_mg,Plant_ID,Num_Vals,Velocity_Vals_m_sec,Species,Pappus_base_width_f,Pappus_tip_width_f,Achene_tip_width_f,Achene_mid_width_f,Achene_length_lin_f,Achene_twopt_length_f,Achene_twopt_angle_f,Achene_max_width_f,Pappus_perp_max_length_f,Pappus_base_width_s,Pappus_tip_width_s,Achene_tip_width_s,Achene_mid_width_s,Achene_length_lin_s,Achene_twopt_length_s,Achene_twopt_angle_s,Achene_max_width_s,Pappus_perp_max_length_s,pappus_tip_area,Achene.twopt.angle.dev.max,pap.tip.cyp.max.area.ratio,pap.tip.pap.base.area.ratio,Pap.len.ach.len.ratio,pap.tip.ecc,coneSA
Acal1m1n3d1,A,1,1,3,d,1,0.039,Acal1m1n3,61,0.471617719,L. californica,0.261,1.472,0.12,0.318,1.359,1.385,176.653,0.318,2.067,0.218,1.131,0.202,0.279,1.369,1.406,154.686,0.337,2.256,1.3075559951653868,25.313999999999993,15.535076423492523,29.25993883792049,1.584677419354839,0.6400390376568577,0.5161249682193604
Acal1m1n3d3,A,1,1,3,d,3,0.041,Acal1m1n3,39,0.714098532,L. californica,0.235,1.33,0.145,0.264,1.51,1.506,174.967,0.262,2.194,0.263,1.358,0.204,0.356,1.581,1.586,171.624,0.393,2.222,1.4185390388387609,8.376000000000005,17.54113008177457,29.223202006310174,1.4286638628275639,0.20201977260067483,0.6069140136621746
Acal1m1n3r1,A,1,1,3,r,1,0.028,Acal1m1n3,46,0.602835236,L. californica,0.256,1.033,0.149,0.325,1.488,1.497,177.51,0.314,1.657,0.212,2.884,0.242,0.369,1.512,1.545,158.311,0.396,1.866,2.3398362172452565,21.688999999999993,23.959113427266285,54.89335200471697,1.1743333333333335,0.9336513706289641,0.5542174013290364
Acal1m1n3r3,A,1,1,3,r,3,0.065,Acal1m1n3,30,0.866432744,L. californica,0.251,1.059,0.145,0.263,1.386,1.4,166.869,0.306,1.685,0.226,1.087,0.136,0.252,1.383,1.466,161.429,0.3,1.622,0.9040977440262543,18.570999999999998,12.539575163398693,20.292863942460244,1.1942939689418564,0.22550923432412165,0.5209495494483098
Acal1m2n5d1,A,1,2,5,d,1,0.087,Acal1m2n5,23,1.099057128,L. californica,0.101,0.517,0.077,0.104,0.64,0.64,177.615,0.129,0.875,0.29,1.9,0.218,0.366,1.58,1.599,177.663,0.41,2.051,0.7714966159053642,2.384999999999991,18.572508980903763,33.53704335950836,1.3180180180180179,0.9622674917930943,0.36191861971258804
Acal1m2n5d2,A,1,2,5,d,2,0.089,Acal1m2n5,23,1.138547802,L. californica,0.263,1.335,0.186,0.254,1.526,1.524,169.425,0.268,1.968,0.229,0.895,0.18,0.322,1.521,1.539,175.125,0.36,1.936,0.938413360581418,10.574999999999989,12.38417288557214,19.83869360917861,1.2812602559894979,0.7419890634930212,0.5913072536007592
Acal1m2n5d3,A,1,2,5,d,3,0.092,Acal1m2n5,24,1.060024663,L. californica,0.258,1.414,0.211,0.325,1.57,1.539,174.212,0.384,2.151,0.259,1.43,0.205,0.324,1.559,1.58,172.209,0.36,2.125,1.5880907943530127,7.790999999999997,14.626880787037035,30.259794678399324,1.3665707893895813,0.14917249371718488,0.6374313328849717
Acal1m2n5r2,A,1,2,5,r,2,0.091,Acal1m2n5,20,1.06668671,L. californica,0.252,0.686,0.209,0.312,1.494,1.489,171.952,0.339,1.913,0.264,0.908,0.203,0.287,1.456,1.456,169.775,0.323,1.977,0.4892150912023421,10.224999999999994,5.6886307387417006,9.362794612794614,1.31864406779661,0.6551410270887006,0.6001269801342964
Acal1m2n5r3,A,1,2,5,r,3,0.079,Acal1m2n5,14,1.677908105,L. californica,0.23,1.279,0.121,0.281,1.413,1.406,176.194,0.29,1.951,0.248,1.011,0.175,0.306,1.394,1.388,172.562,0.35,1.878,1.0155740177462418,7.437999999999988,12.7395960591133,22.669512622720895,1.3640897755610972,0.6125119888946468,0.528990994134577
Afre1m2n1d1,A,1,2,1,d,1,0.053,Afre1m2n1,18,1.28782666,L. fremontii,0.254,0.379,0.109,0.215,1.003,1.016,178.647,0.248,1.431,0.291,0.737,0.113,0.304,0.99,1.012,169.246,0.342,1.41,0.2193797711946799,10.75399999999999,3.293281927938125,3.7790269772979412,1.4254892122428502,0.8576421616362228,0.43097214266098754
Afre1m2n1d2,A,1,2,1,d,2,0.054,Afre1m2n1,14,1.593228093,L. fremontii,0.257,0.307,0.14,0.245,1.039,1.051,174.218,0.282,1.534,0.253,0.307,0.144,0.253,1.054,1.075,175.419,0.291,1.559,0.07402299150205097,5.782000000000011,1.148509663425215,1.449516310115193,1.4777830864787387,0,0.4222845149966996
Afre1m2n1d3,A,1,2,1,d,3,0.058,Afre1m2n1,23,1.075575239,L. fremontii,0.235,0.386,0.138,0.241,0.988,1.006,171.295,0.273,1.602,0.302,0.591,0.159,0.32,1.039,1.052,168.821,0.333,1.538,0.1791697414232181,11.179000000000002,2.509388509388509,3.214400450894745,1.5490873211642822,0.7572455528801539,0.43275033774188465
Afre1m2n1r1,A,1,2,1,r,1,0.054,Afre1m2n1,13,1.659988735,L. fremontii,0.28,0.31,0.154,0.274,0.992,1.002,175.797,0.303,1.483,0.264,0.856,0.134,0.237,0.977,0.988,178.555,0.274,1.485,0.20841325663916058,4.203000000000003,3.1962612319626116,3.589826839826839,1.5073641442356527,0.9321200115638144,0.42471358108547563
Afre1m2n1r2,A,1,2,1,r,2,0.068,Afre1m2n1,14,1.445573235,L. fremontii,0.256,0.333,0.148,0.304,1.192,1.188,172.943,0.333,1.183,0.228,0.62,0.153,0.301,1.256,1.275,166.73,0.329,1.246,0.16215330481504786,13.27000000000001,1.8844984802431608,3.537212171052632,0.9922385620915034,0.8435206311352939,0.46792655829892754
Afre1m2n1r3,A,1,2,1,r,3,0.078,Afre1m2n1,17,1.1637419980000001,L. fremontii,0.292,0.437,0.147,0.329,1.336,1.346,171.085,0.38,0.946,0.237,0.569,0.173,0.302,1.345,1.357,169.677,0.336,0.981,0.19529160952327856,10.323000000000008,1.9474702380952378,3.5930437546962604,0.7187616560984708,0.6404329816774348,0.5611041368596281
Afre1m2n5d1,A,1,2,5,d,1,0.064,Afre1m2n5,24,1.063504506,L. fremontii,0.247,0.957,0.164,0.271,1.236,1.244,170.924,0.312,1.363,0.26,0.361,0.111,0.315,1.314,1.34,158.173,0.335,1.446,0.27133700129607813,21.826999999999998,3.3053673938002293,5.379585798816568,1.1015686274509806,0.9261234847276211,0.5102841588929811
Afre1m2n5d2,A,1,2,5,d,2,0.059,Afre1m2n5,19,1.292064635,L. fremontii,0.265,0.356,0.137,0.295,1.122,1.156,165.692,0.318,1.539,0.26,0.798,0.152,0.274,1.085,1.105,171.109,0.306,1.686,0.223122193443269,14.307999999999993,2.91947219139228,4.123193033381712,1.4612596284549162,0.8949755022434381,0.45822755709132423
Afre1m2n5d3,A,1,2,5,d,3,0.068,Afre1m2n5,15,1.572980651,L. fremontii,0.295,0.724,0.148,0.275,1.143,1.154,171.827,0.322,1.877,0.254,0.491,0.162,0.315,1.129,1.163,175.209,0.349,1.87,0.2791964807171969,8.173000000000002,3.163288188079517,4.744214600293607,1.649207746478873,0.7348987916282711,0.4940351756443239
Afre1m2n5r1,A,1,2,5,r,1,0.073,Afre1m2n5,16,1.479922814,L. fremontii,0.299,0.491,0.139,0.311,1.241,1.246,170.893,0.344,1.511,0.218,0.598,0.106,0.196,1.339,1.364,160.905,0.279,1.468,0.23060703794044715,19.095,3.05928565474702,4.504587155963303,1.1546511627906977,0.5708271810736184,0.5295359401720805
Afre1m2n5r2,A,1,2,5,r,2,0.07,Afre1m2n5,18,1.291361463,L. fremontii,0.278,0.364,0.128,0.278,1.261,1.291,159.528,0.325,1.143,0.297,0.571,0.176,0.298,1.258,1.28,163.458,0.346,1.115,0.16324029587318997,20.47200000000001,1.848323699421965,2.5173073662282293,0.8963874553394203,0.7704684685822222,0.5726360669907598
Afre1m2n5r3,A,1,2,5,r,3,0.074,Afre1m2n5,18,1.326676333,L. fremontii,0.305,0.153,0.155,0.292,1.242,1.254,167.146,0.337,0.257,0.247,0.252,0.129,0.291,1.243,1.278,158.22,0.328,0.24,0.03028181158795401,21.78,0.3488094376492726,0.5117939868586978,0.19999999999999998,0.794592695045964,0.5434095318337125
Bfre2m1n5d1,B,2,1,5,d,1,0.037,Bfre2m1n5,20,1.17765051,L. fremontii,0.248,0.436,0.138,0.229,1.056,1.058,172.77,0.28,1.65,0.269,0.354,0.137,0.294,1.062,1.08,168.176,0.327,1.581,0.12122149413142373,11.824000000000012,1.6857142857142855,2.313586761002518,1.525495750708215,0.5837595286364057,0.43336692082631595
Bfre2m1n5d2,B,2,1,5,d,2,0.043,Bfre2m1n5,24,0.969632156,L. fremontii,0.295,0.598,0.184,0.336,1.162,1.171,169.93,0.37,1.709,0.252,0.768,0.15,0.168,1.16,1.169,176.461,0.26,1.657,0.36070510211458945,10.069999999999993,4.774054054054054,6.177885391444714,1.449612403100775,0.6274636772217488,0.5029621831926926
Bfre2m1n5d3,B,2,1,5,d,3,0.049,Bfre2m1n5,17,1.395724807,L. fremontii,0.245,0.706,0.134,0.197,1.144,1.154,172.834,0.259,1.562,0.288,0.465,0.087,0.318,1.165,1.169,172.019,0.352,1.402,0.2578383630617653,7.9809999999999945,3.600934538434539,4.652636054421769,1.2836725855348634,0.7524580067128248,0.4872522607821056
Bfre2m1n5r1,B,2,1,5,r,1,0.076,Bfre2m1n5,15,1.433266476,L. fremontii,0.25,0.403,0.149,0.278,1.124,1.136,167.827,0.286,1.461,0.256,0.469,0.17,0.305,1.127,1.145,166.665,0.305,1.459,0.1484457506692713,13.335000000000008,2.1667660208643817,2.953234375,1.2972012438916034,0.5115138148357814,0.4501179560355626
Bfre2m1n5r2,B,2,1,5,r,2,0.08,Bfre2m1n5,13,1.607842451,L. fremontii,0.258,0.941,0.185,0.245,1.172,1.172,169.776,0.289,1.399,0.292,0.776,0.164,0.351,1.183,1.19,167.712,0.344,1.416,0.5735103052834688,12.288000000000011,7.345055121911966,9.692789635765106,1.1953290870488322,0.5656365910994785,0.5125626492933479
Bfre2m1n5r3,B,2,1,5,r,3,0.069,Bfre2m1n5,17,1.334396722,L. fremontii,0.25,0.749,0.176,0.306,1.114,1.112,173.067,0.355,1.477,0.237,0.362,0.165,0.259,1.127,1.143,165.898,0.285,1.335,0.21295128722727136,14.102000000000004,2.6798912774894985,4.576168776371308,1.2547969656403393,0.8754486841359916,0.4311745853380423
Bfre2m2n4d1,B,2,2,4,d,1,0.042,Bfre2m2n4,15,1.416182423,L. fremontii,0.226,0.369,0.125,0.311,0.873,0.879,175.724,0.317,1.191,0.223,0.379,0.147,0.292,0.862,0.866,173.589,0.321,1.198,0.10983871854930378,6.411000000000001,1.3743624517232231,2.7749315449025755,1.3769452449567725,0.2281978713502863,0.3084720591747649
Bfre2m2n4d2,B,2,2,4,d,2,0.038,Bfre2m2n4,13,1.66640962,L. fremontii,0.217,0.254,0.127,0.283,0.848,0.842,177.376,0.302,1.134,0.223,0.553,0.098,0.265,0.922,0.937,174.128,0.299,1.045,0.11031859682713967,5.872000000000014,1.5555383286451532,2.902647186460293,1.2310734463276836,0.8882745723451402,0.3082008520607569
Bfre2m2n4d3,B,2,2,4,d,3,0.031,Bfre2m2n4,17,1.295028016,L. fremontii,0.272,0.5,0.081,0.329,0.937,0.951,165.833,0.338,1.02,0.233,0.255,0.09,0.241,0.938,0.94,172.582,0.274,1.075,0.10013826583318125,14.167000000000002,1.376711441281907,2.011802575107296,1.1173333333333333,0.8601744009211155,0.3757131420557456
Bfre2m2n4r1,B,2,2,4,r,1,0.033,Bfre2m2n4,23,0.983198163,L. fremontii,0.225,0.364,0.121,0.272,0.807,0.809,176.752,0.299,0.882,0.211,0.503,0.082,0.269,0.853,0.859,167.298,0.302,0.849,0.14380012053277505,12.701999999999998,2.027641808234955,3.856598209583991,1.0427710843373492,0.690158694956772,0.28672916600316967
Bfre2m2n4r2,B,2,2,4,r,2,0.06,Bfre2m2n4,17,1.408364424,L. fremontii,0.227,0.295,0.088,0.29,1.05,1.061,168.156,0.304,0.782,0.259,0.743,0.101,0.321,1.323,1.351,162.357,0.36,1.054,0.17214749644428104,17.643,2.0027869152046787,3.7280798734543223,0.7737041719342604,0.9178017258089297,0.45573264701527993
Bfre2m2n4r3,B,2,2,4,r,3,0.06,Bfre2m2n4,13,1.46221643,L. fremontii,0.227,0.343,0.14,0.317,1.002,1.004,173.241,0.333,0.687,0.176,0.564,0.165,0.247,0.985,0.999,158.206,0.275,0.687,0.15193684550557318,21.79400000000001,2.112497952497952,4.8421105326391665,0.6914947156517363,0.7938175137641486,0.31728624209325906
Bgla1m2n2d1,B,1,2,2,d,1,0.134,Bgla1m2n2,22,1.103834788,L. glaberrima,0.279,0.396,0.219,0.201,2.149,2.162,174.808,0.287,0.915,0.337,0.433,0.288,0.454,2.131,2.13,169.436,0.443,0.881,0.13467065228144254,10.563999999999993,1.3486444184016173,1.8236814396477454,0.41962616822429916,0.40447364702449196,1.040275173329361
Bgla1m2n2d2,B,1,2,2,d,2,0.079,Bgla1m2n2,13,1.53882704,L. glaberrima,0.392,0.542,0.342,0.565,2.225,2.241,176.893,0.579,1.213,0.27,0.649,0.198,0.328,2.224,2.224,178.138,0.355,1.217,0.2762700871603779,3.1069999999999993,1.711343014911577,3.32348828420257,0.5461901550910317,0.5500511446559041,1.1694024521458428
Bgla1m2n2d3,B,1,2,2,d,3,0.068,Bgla1m2n2,19,1.270688497,L. glaberrima,0.495,0.639,0.365,0.64,2.867,2.875,176.743,0.705,1.559,0.258,0.34,0.211,0.134,2.098,2.098,179.121,0.231,1.295,0.17063560497974087,3.257000000000005,1.3340701851340153,1.7011980267794222,0.5748237663645519,0.8466932195832468,1.5082644033984007
Bgla1m2n4d1,B,1,2,4,d,1,0.136,Bgla1m2n4,19,1.076269462,L. glaberrima,0.392,0.598,0.364,0.508,2,2.016,176.212,0.544,0.875,0.261,0.458,0.223,0.248,2.036,2.039,174.499,0.305,0.903,0.21510799058396088,5.501000000000005,1.6506991321118611,2.676948940495738,0.44053518334985137,0.6429760449871794,1.0485476022320674
Bgla1m2n4d2,B,1,2,4,d,2,0.17,Bgla1m2n4,17,1.156466993,L. glaberrima,0.301,0.349,0.336,0.53,2.027,2.069,173.275,0.532,1.007,0.243,0.367,0.254,0.318,2.068,2.055,175.175,0.334,0.954,0.10059615296244198,6.724999999999994,0.7208308946017739,1.7511313454465909,0.4788766788766788,0.30933331763091865,0.879185210188721
Bgla1m2n4d3,B,1,2,4,d,3,0.191,Bgla1m2n4,13,1.511067577,L. glaberrima,0.387,0.677,0.365,0.517,2.046,2.062,176.5,0.556,0.782,0.335,0.669,0.223,0.288,2.044,2.039,179.06,0.354,0.715,0.355717038378852,3.5,2.3011065723692234,3.493486058081685,0.3660146699266503,0.1532776575606836,1.1656043719095805
Cgla1m1n1d1,C,1,1,1,d,1,0.138,Cgla1m1n1,20,1.177895517,L. glaberrima,0.262,0.408,0.16,0.207,1.752,1.775,163.901,0.258,0.797,0.3,0.436,0.262,0.585,1.801,1.789,177.591,0.585,0.82,0.13971290849045448,16.09899999999999,1.1786126018684158,2.263206106870229,0.4551083591331269,0.3525849330380852,0.7874615454919671
Cgla1m1n1d2,C,1,1,1,d,2,0.035,Cgla1m1n1,43,0.665442612,L. glaberrima,0.25,0.389,0.317,0.374,1.597,1.597,171.643,0.4,1.016,0.191,0.273,0.176,0.238,1.601,1.622,171.934,0.254,0.994,0.08340692875832431,8.357,1.045246062992126,2.224020942408377,0.6285178236397748,0.712374537476586,0.5575855952677462
Cgla1m1n1d3,C,1,1,1,d,3,0.049,Cgla1m1n1,31,0.827407873,L. glaberrima,0.366,0.933,0.4,0.63,1.96,1.973,177.135,0.646,1.13,0.293,0.375,0.204,0.172,1.981,1.978,179.822,0.302,1.076,0.2747911824187004,2.865000000000009,1.7933846595452407,3.26260280870587,0.5597564070032987,0.9156707211623547,1.0264997703719994
Cgla2m2n1d1,C,2,2,1,d,1,0.149,Cgla2m2n1,16,1.458687321,L. glaberrima,0.337,0.397,0.402,0.527,1.797,1.791,170.464,0.532,0.867,0.294,0.563,0.216,0.285,1.768,1.784,167.3,0.305,0.886,0.17554512889913862,12.699999999999989,1.377486749661038,2.255909485455903,0.49172510518934087,0.7090571907566406,0.8878330164848227
Cgla2m2n1d2,C,2,2,1,d,2,0.17,Cgla2m2n1,9,1.962202357,L. glaberrima,0.3,0.441,0.246,0.283,2.046,2.055,177.969,0.316,0.962,0.35,0.467,0.414,0.527,2.027,2.068,171.258,0.558,1.027,0.16175039555722495,8.74199999999999,1.1679767251939568,1.9614000000000003,0.48833783452000973,0.329012742041436,1.0444601222210725
Cgla2m2n1d3,C,2,2,1,d,3,0.149,Cgla2m2n1,14,1.509819982,L. glaberrima,0.3,0.438,0.202,0.345,1.852,1.859,175.429,0.384,0.972,0.311,0.498,0.392,0.536,1.854,1.874,167.019,0.541,0.94,0.1713141889929163,12.980999999999995,1.0499653419593344,2.3378778135048237,0.5159201295196977,0.47586548573810855,0.8923009524434299
Dcal1m2n1d1,D,1,2,1,d,1,0.086,Dcal1m2n1,19,1.39863338,L. californica,0.248,1.103,0.209,0.25,1.316,1.329,177.923,0.262,1.801,0.342,1.585,0.248,0.381,1.363,1.377,172.529,0.414,1.651,1.3730762661504963,7.471000000000004,16.11770291698934,20.612325504621765,1.2885405001866366,0.7181396153673655,0.6282360253299708
Dcal1m2n1d2,D,1,2,1,d,2,0.075,Dcal1m2n1,19,1.423736099,L. californica,0.268,1.06,0.217,0.274,1.278,1.268,179.406,0.312,1.858,0.251,1.016,0.236,0.268,1.29,1.295,179.963,0.268,1.847,0.8458424060525717,0.5939999999999941,12.879831611174895,16.00998989118154,1.4427570093457944,0.28512424452624296,0.5261870786589846
Dcal1m2n1d3,D,1,2,1,d,3,0.11,Dcal1m2n1,17,1.432990117,L. californica,0.285,1.253,0.237,0.317,1.501,1.521,174.866,0.356,1.913,0.295,1.349,0.24,0.311,1.449,1.444,174.798,0.389,2.044,1.327556159396304,5.201999999999998,12.205720516449553,20.104632768361583,1.3413559322033897,0.37049070179243365,0.67519520627992
Dcal1m2n1r1,D,1,2,1,r,1,0.095,Dcal1m2n1,26,1.029567901,L. californica,0.296,1.76,0.19,0.252,1.45,1.459,169.806,0.252,1.892,0.317,1.238,0.213,0.354,1.506,1.514,167.86,0.404,1.764,1.7112883502635448,12.139999999999986,21.4018544711614,23.22107596555546,1.23680649526387,0.7107852353745442,0.7155976449923254
Dcal1m2n1r2,D,1,2,1,r,2,0.1,Dcal1m2n1,19,1.39437558,L. californica,0.295,1.099,0.226,0.299,1.541,1.56,169.982,0.378,1.795,0.33,1.208,0.247,0.358,1.568,1.606,159.957,0.415,1.871,1.042688318541214,20.043000000000006,8.463007585899152,13.637308680020546,1.1791572853007397,0.41511661082028745,0.7674857430148361
Dcal1m2n3d1,D,1,2,3,d,1,0.054,Dcal1m2n3,24,1.04520508,L. californica,0.202,0.777,0.156,0.163,1.148,1.156,178.734,0.201,1.558,0.268,1.201,0.194,0.342,1.17,1.172,176.881,0.369,1.685,0.7329155019247889,3.1189999999999998,12.5817659669134,17.237642234372693,1.3990509059534084,0.7625232048506042,0.4320595562592472
Dcal1m2n3d2,D,1,2,3,d,2,0.02,Dcal1m2n3,51,0.560870159,L. californica,0.205,0.807,0.168,0.221,1.166,1.173,177.418,0.234,1.563,0.236,0.685,0.18,0.322,1.168,1.184,169.428,0.333,1.531,0.4341641777353211,10.572000000000003,7.0942095942095955,11.426105828854903,1.3256212510711227,0.5286774568285468,0.40648655606157735
Dcal1m2n3d3,D,1,2,3,d,3,0.058,Dcal1m2n3,18,1.326493292,L. californica,0.211,0.623,0.194,0.261,1.239,1.259,176.153,0.284,1.527,0.25,1.017,0.196,0.328,1.243,1.244,175,0.356,1.509,0.49762120774518537,5,6.266725352112676,12.011203791469194,1.2232070910556,0.7904039137211389,0.45204070507693206
Dcal1m2n3r1,D,1,2,3,r,1,0.029,Dcal1m2n3,39,0.686141253,L. californica,0.197,0.688,0.191,0.236,1.168,1.186,159.153,0.269,1.497,0.199,0.852,0.183,1.192,1.193,1.208,159.245,0.206,1.263,0.4603815538276929,20.84700000000001,10.57812105244162,14.95232507716246,1.1689961880559085,0.5898515020436752,0.36844748358518464
Dcal1m2n3r2,D,1,2,3,r,2,0.058,Dcal1m2n3,28,0.917939565,L. californica,0.218,1.329,0.187,0.227,1.191,1.198,176.331,0.231,1.486,0.224,0.895,0.174,0.266,1.257,1.277,163.762,0.29,1.329,0.9341957724439733,16.238,17.755709807433945,24.358105340760154,1.1499183006535947,0.7392430926811568,0.42665370879733344
Dcal1m2n3r3,D,1,2,3,r,3,0.057,Dcal1m2n3,17,1.363452903,L. californica,0.236,1.246,0.194,0.232,1.036,1.039,166.31,0.227,1.584,0.229,1.342,0.194,0.276,1.122,1.121,167.025,0.282,1.457,1.3132894017581886,13.689999999999998,26.121348455025466,30.940196876619055,1.4091751621872104,0.3714199581149382,0.3963636335697006
Dfre1m1n4d1,D,1,1,4,d,1,0.022,Dfre1m1n4,22,1.073868039,L. fremontii,0.255,0.676,0.146,0.196,1.09,1.088,172.013,0.232,1.518,0.293,1.051,0.138,0.28,1.108,1.119,167.388,0.305,1.44,0.5580065455380022,12.611999999999995,10.04064443188242,9.509148096098508,1.3457688808007278,0.7657007749229828,0.4772067253352629
Dfre1m1n4d2,D,1,1,4,d,2,0.044,Dfre1m1n4,19,1.235370749,L. fremontii,0.246,0.717,0.147,0.253,1.063,1.071,176.956,0.293,1.345,0.255,0.842,0.141,0.251,1.097,1.103,172.085,0.264,1.274,0.4741558668173583,7.914999999999992,7.804762643499844,9.624007651841223,1.2125,0.5242832375273396,0.42784416123072333
Dfre1m1n4d3,D,1,1,4,d,3,0.027,Dfre1m1n4,21,1.199033034,L. fremontii,0.24,0.769,0.149,0.156,1.152,1.152,178.431,0.232,1.625,0.281,1.041,0.129,0.254,1.171,1.168,173.589,0.284,1.586,0.6287340063464373,6.411000000000001,12.149845191840699,11.870240213523129,1.3822643133878607,0.6740203515571574,0.47895999052662147
Dfre1m1n4r1,D,1,1,4,r,1,0.093,Dfre1m1n4,12,1.635960065,L. fremontii,0.297,0.907,0.173,0.322,1.396,1.392,176.618,0.379,1.455,0.257,0.723,0.146,0.279,1.378,1.402,172.737,0.28,1.407,0.515033485027708,7.263000000000005,6.1794289483603455,8.591243171009706,1.0317231434751262,0.6038032226698323,0.6072592057219832
Dfre1m1n4r2,D,1,1,4,r,2,0.078,Dfre1m1n4,17,1.356833801,L. fremontii,0.317,1,0.134,0.333,1.252,1.261,169.037,0.363,1.268,0.245,0.613,0.173,0.262,1.295,1.306,165.638,0.262,1.317,0.4814490741626675,14.361999999999995,6.445439825037326,7.8928732376231245,1.0149195131527289,0.7900829070420394,0.5677371194960678
Dfre1m1n4r3,D,1,1,4,r,3,0.057,Dfre1m1n4,14,1.447229513,L. fremontii,0.321,0.968,0.136,0.361,1.456,1.466,169.475,0.401,1.305,0.304,0.735,0.202,0.316,1.49,1.514,159.861,0.328,1.288,0.5587950852940533,20.13900000000001,5.409342497414999,7.290949335956714,0.8801765105227428,0.6507436324066643,0.7272422898359082
Dfre1m1n5d1,D,1,1,5,d,1,0.016,Dfre1m1n5,37,0.691760319,L. fremontii,0.226,0.479,0.178,0.232,0.985,0.984,167.846,0.238,1.568,0.242,0.61,0.173,0.255,0.963,0.971,172.207,0.282,1.647,0.22948548936311552,12.153999999999996,4.3535073603909655,5.342463248738389,1.6504106776180698,0.619184038843552,0.36068270872668495
Dfre1m1n5d2,D,1,1,5,d,2,0.035,Dfre1m1n5,16,1.373056241,L. fremontii,0.223,0.956,0.139,0.228,0.956,0.946,170.788,0.252,1.51,0.249,0.948,0.166,0.272,0.945,0.944,171.747,0.292,1.619,0.7117969307091935,9.211999999999989,12.316373124592305,16.321573288670375,1.6459758022093636,0.1290983148162471,0.35531580487703196
Dfre1m1n5d3,D,1,1,5,d,3,0.04,Dfre1m1n5,21,1.085571241,L. fremontii,0.23,0.293,0.163,0.219,0.967,0.967,168.511,0.257,1.625,0.238,0.565,0.175,0.254,0.961,0.974,157.698,0.276,1.668,0.1300187389596391,22.301999999999992,2.3338549596796923,3.0242053343076356,1.70798755186722,0.8550266437463642,0.3569587317611682
Dfre1m1n5r1,D,1,1,5,r,1,0.054,Dfre1m1n5,18,1.242532287,L. fremontii,0.248,0.538,0.179,0.292,1.092,1.091,172.69,0.31,1.219,0.211,0.375,0.193,0.214,1.072,1.082,166.232,0.232,1.207,0.15845407946544562,13.768,2.80520022246941,3.855488457422412,1.1210720887245842,0.7170458313315147,0.3928551227934185
Dfre1m1n5r2,D,1,1,5,r,2,0.051,Dfre1m1n5,15,1.415667166,L. fremontii,0.203,0.871,0.194,0.215,0.984,0.988,170.3,0.229,1.681,0.25,0.834,0.182,0.274,1.026,1.047,162.598,0.289,1.543,0.5705242214662315,17.401999999999987,10.976171408712469,14.3135763546798,1.6039800995024878,0.2883665613529694,0.36074780544814306
Dfre1m1n5r3,D,1,1,5,r,3,0.049,Dfre1m1n5,12,1.557324556,L. fremontii,0.224,0.997,0.179,0.26,0.984,0.99,173.075,0.293,1.493,0.224,0.801,0.155,0.197,1.045,1.064,162.078,0.251,1.537,0.6272166170947533,17.921999999999997,10.858912472974994,15.915915975765303,1.4933464760965995,0.5954258990162461,0.35912904927857764
Dgla1m1n2d1,D,1,1,2,d,1,0.191,Dgla1m1n2,17,1.424317418,L. glaberrima,0.463,0.669,0.467,0.648,2.919,2.921,172.831,0.695,1.29,0.341,0.492,0.224,0.253,2.952,2.953,176.057,0.338,1.233,0.25851223468596035,7.169000000000011,1.4011664041547829,2.0847589670832196,0.42973939703628,0.6776050363836608,1.8685037970034233
Dgla1m1n2d2,D,1,1,2,d,2,0.092,Dgla1m1n2,22,1.08323639,L. glaberrima,0.402,0.667,0.358,0.548,2.615,2.62,176.033,0.596,1.154,0.249,0.338,0.194,0.246,2.578,2.602,175.536,0.287,1.089,0.17706487434531282,4.463999999999999,1.3179968664499688,2.2522527922635818,0.4319275948392066,0.8620950390425026,1.3483307209712416
Dgla1m1n2d3,D,1,1,2,d,3,0.429,Dgla1m1n2,9,2.112953513,L. glaberrima,0.457,0.552,0.429,0.673,3.056,3.066,176.659,0.691,1.396,0.388,0.569,0.258,0.401,3.116,3.117,177.696,0.404,1.398,0.24668413834519398,3.341000000000008,1.1251020905274318,1.7713460714205147,0.4526895657809461,0.2426135209381467,2.0562120208750687
Dgla1m2n4d1,D,1,2,4,d,1,0.172,Dgla1m2n4,13,1.646265559,L. glaberrima,0.393,0.689,0.454,0.587,2.659,2.639,177.418,0.628,1.224,0.388,0.548,0.369,0.43,2.657,2.664,179.576,0.485,1.153,0.29654435535032087,2.5819999999999936,1.2396480399238294,2.4761417591353845,0.4471407072987208,0.6061431257895495,1.6348157917381214
Dgla1m2n4d2,D,1,2,4,d,2,0.194,Dgla1m2n4,13,1.654569684,L. glaberrima,0.327,0.675,0.451,0.546,2.199,2.2,171.484,0.592,1.104,0.273,0.648,0.283,0.375,2.245,2.258,177.326,0.369,1.107,0.34353315667006656,8.515999999999991,2.0023071852340153,4.8996874684948075,0.4975247524752476,0.28000000000000025,1.0515637635393
Ecal1m1n3d1,E,1,1,3,d,1,0.081,Ecal1m1n3,20,1.140211464,L. californica,0.283,0.945,0.186,0.324,1.517,1.518,176.855,0.373,1.798,0.284,1.257,0.171,0.331,1.488,1.491,169.186,0.364,2.041,0.9329469893641713,10.813999999999993,8.748968859558671,14.779587418503958,1.2775374376039934,0.6594026325280812,0.6720660042550599
Ecal1m1n3d2,E,1,1,3,d,2,0.108,Ecal1m1n3,11,1.935088135,L. californica,0.283,0.574,0.176,0.311,1.503,1.51,173.772,0.312,1.971,0.292,0.576,0.168,0.384,1.546,1.578,169.814,0.415,1.965,0.259671482375135,10.186000000000007,2.5534754402224276,4.000968101069751,1.2909150541161036,0.08326096394640184,0.6915649734720337
Ecal1m1n3d3,E,1,1,3,d,3,0.09,Ecal1m1n3,16,1.510510848,L. californica,0.272,0.494,0.165,0.241,1.385,1.389,177.121,0.262,2.144,0.299,1.12,0.196,0.372,1.37,1.364,176.565,0.416,2.12,0.43454509584456885,3.4350000000000023,5.076335877862596,6.80306905370844,1.5477313974591653,0.8974720022919708,0.6213975774157998
Ecal1m1n3r1,E,1,1,3,r,1,0.057,Ecal1m1n3,17,1.458573378,L. californica,0.254,0.91,0.13,0.185,1.58,1.577,175.241,0.287,1.781,0.261,1.023,0.153,0.43,1.633,1.648,169.21,0.465,1.718,0.7311507122516346,10.789999999999992,6.975609756097561,14.042447280296855,1.08901338313103,0.4568561915226943,0.6519100125428096
Ecal1m1n3r2,E,1,1,3,r,2,0.111,Ecal1m1n3,18,1.33514841,L. californica,0.27,0.826,0.127,0.267,1.512,1.541,175.186,0.307,2.082,0.998,NA,NA,NA,NA,NA,NA,NA,NA,NA,NA,NA,NA,NA,NA,NA
Ecal1m1n3r3,E,1,1,3,r,3,0.109,Ecal1m1n3,22,1.157699844,L. californica,0.307,0.919,0.22,0.287,1.487,1.483,170.431,0.304,2.032,0.298,1.064,0.312,0.388,1.519,1.545,163.556,0.398,2.001,0.76797489054069,16.44399999999999,8.081658291457288,10.688149006405355,1.3416500332667995,0.5039688923056476,0.7178195002737898
Ecal1m2n2d1,E,1,2,2,d,1,0.061,Ecal1m2n2,19,1.308619806,L. californica,0.254,0.82,0.168,0.189,1.521,1.54,168.379,0.236,2.045,0.293,1.138,0.244,0.44,1.582,1.602,167.093,0.47,1.871,0.732902150156011,12.90700000000001,8.412910205553553,12.538765418827763,1.2620045117628103,0.6933901080124679,0.6699527908271226
Ecal1m2n2d3,E,1,2,2,d,3,0.061,Ecal1m2n2,19,1.306808766,L. californica,0.292,1.506,0.174,0.347,1.624,1.627,177.109,0.361,1.913,0.307,0.902,0.178,0.47,1.584,1.615,160.304,0.492,1.88,1.0668942899371248,19.695999999999998,7.64819944598338,15.153406809156218,1.1823566084788029,0.8007957115697656,0.7580036468870772
Ecal1m2n2r1,E,1,2,2,r,1,0.079,Ecal1m2n2,25,1.0458234,L. californica,0.271,0.62,0.137,1.731,1.721,1.731,177.814,0.344,2.106,0.276,0.806,0.227,1.786,1.753,1.789,158.2,0.488,2.151,0.3924791702129987,21.80000000000001,2.976791841402974,6.681105941494196,1.2253886010362693,0.6389710663783135,0.7485617149588801
Ecal1m2n2r2,E,1,2,2,r,2,0.072,Ecal1m2n2,30,0.808438501,L. californica,0.256,1.148,0.158,0.191,1.657,1.659,173.207,0.266,2.075,0.254,1.207,0.174,0.447,1.642,1.674,156.903,0.429,1.98,1.0882759695374582,23.09700000000001,12.142559195190772,21.309608759842515,1.2291603516217036,0.3088262382795088,0.6626856034210227
Ecal1m2n2r3,E,1,2,2,r,3,0.112,Ecal1m2n2,14,1.61451884,L. californica,0.304,0.897,0.156,0.346,1.69,1.688,171.743,0.42,2.015,0.304,1.29,0.207,0.444,1.736,1.765,159.882,0.457,2.026,0.9088077768121493,20.117999999999995,6.028602688340107,12.520883829639892,1.1795096322241683,0.718672383351184,0.8212092921762968
Egla1m1n2d1,E,1,1,2,d,1,0.329,Egla1m1n2,16,1.610111499,L. glaberrima,0.336,0.497,0.221,0.4,2.837,2.832,179.189,0.422,1.468,0.471,0.657,0.412,0.605,2.789,2.798,178.313,0.683,1.509,0.2564552768960223,1.6870000000000118,1.13289224428053,2.0632961783439496,0.5291503732669747,0.654029783963265,1.7997786341729856
Egla1m1n2d2,E,1,1,2,d,2,0.145,Egla1m1n2,11,1.829562263,L. glaberrima,0.349,0.578,0.269,0.353,2.337,2.342,177.505,0.424,1.319,0.307,0.625,0.232,0.359,2.266,2.267,176.399,0.39,1.288,0.28372508652734685,3.600999999999999,2.1846274794387996,3.371662171117105,0.5663697588529221,0.38045362398063726,1.1899822791655223
Egla1m1n2d3,E,1,1,2,d,3,0.103,Egla1m1n2,20,1.309731115,L. glaberrima,0.303,0.457,0.37,0.351,2.008,2.016,177.663,0.375,1.205,0.261,0.46,0.225,0.254,2.02,2.019,179.427,0.295,1.127,0.16510640190942247,2.336999999999989,1.9002937853107347,2.658219844973003,0.5789473684210525,0.11402168732124678,0.8955304612569736
Egla1m1n4d1,E,1,1,4,d,1,0.142,Egla1m1n4,20,1.258185202,L. glaberrima,0.265,0.338,0.249,0.306,1.999,2.003,174.375,0.357,0.821,0.293,0.473,0.359,0.51,1.849,1.867,174.977,0.53,1.135,0.12556474597501194,5.625,0.8449553406268168,2.0590379290359975,0.5083160083160083,0.6995458276079096,0.8459317993224325
Egla1m1n4d2,E,1,1,4,d,2,0.213,Egla1m1n4,16,1.537713185,L. glaberrima,0.349,0.502,0.228,0.259,2.531,2.534,178.126,0.356,1.254,0.336,0.571,0.266,0.362,2.359,2.347,177.466,0.41,1.334,0.22512810035258618,2.533999999999992,1.963839408057002,2.4444160185564194,0.5292433537832311,0.47652786169607353,1.3187434784131136
Egla1m1n4d3,E,1,1,4,d,3,0.199,Egla1m1n4,21,1.181593595,L. glaberrima,0.356,0.472,0.215,0.291,2.205,2.226,177.965,0.359,1.171,0.393,0.583,0.422,0.577,2.168,2.174,177.301,0.653,1.221,0.21612272501107044,2.6990000000000123,1.1738238342852998,1.966835348943591,0.5469929110450492,0.5869744052535022,1.2917104021427122
Fcal1m1n5d1,F,1,1,5,d,1,0.028,Fcal1m1n5,25,1.087279106,L. fremontii,0.263,0.401,0.129,0.312,1.135,1.139,171.074,0.335,1.276,0.259,0.394,0.14,0.31,1.118,1.121,171.826,0.347,1.306,0.12408819742782463,8.925999999999988,1.3591466299625794,2.3194503574731713,1.1460275188637372,0.186032238419534,0.4649351642348371
Fcal1m1n5d2,F,1,1,5,d,2,0.058,Fcal1m1n5,28,0.926578331,L. fremontii,0.252,0.52,0.132,0.241,1.09,1.092,175.482,0.287,1.28,0.275,0.522,0.192,0.326,1.136,1.142,169.641,0.34,1.399,0.2131884774726174,10.359000000000009,2.7817175650748105,3.916883116883117,1.2035040431266848,0.08745373341389465,0.46410113893556976
Fcal1m1n5d3,F,1,1,5,d,3,0.043,Fcal1m1n5,14,1.659710373,L. fremontii,0.225,0.501,0.147,0.265,1.049,1.052,175.819,0.295,1.277,0.21,0.371,0.121,0.198,1.023,1.027,174.469,0.262,1.234,0.14598274202885672,5.531000000000006,2.4048518566438086,3.933777777777778,1.2118725868725868,0.6720354654377314,0.3559934543557298
Fcal1m1n5r1,F,1,1,5,r,1,0.068,Fcal1m1n5,15,1.415839082,L. fremontii,0.354,0.418,0.205,0.394,1.583,1.587,172.415,0.449,0.147,0.311,0.417,0.268,0.436,1.955,2.001,155.899,0.459,0.245,0.1368996122691646,24.101,0.8457720133339153,1.5832470434356096,0.11079706048615036,0.06913006352535815,0.9289381295933179
Fcal1m1n5r3,F,1,1,5,r,3,0.085,Fcal1m1n5,13,1.586471711,L. fremontii,0.282,0.389,0.162,0.292,1.349,1.359,167.181,0.328,0.184,0.302,0.371,0.185,0.319,1.331,1.36,154.508,0.35,0.233,0.11334787754336381,25.49199999999999,1.2571341463414634,1.6946010051195346,0.15559701492537317,0.3006723191200712,0.6184313806444879
Fcal1m2n1d1,F,1,2,1,d,1,0.09,Fcal1m2n1,15,1.543032908,L. californica,0.29,0.802,0.193,0.409,1.453,1.456,178.554,0.432,1.953,0.264,0.385,0.171,0.267,1.4,1.399,175.96,0.3,1.857,0.2425073909122461,4.039999999999992,2.3824845679012348,4.033045977011495,1.3354363827549949,0.8772411967145647,0.6239344966942305
Fcal1m2n1d2,F,1,2,1,d,2,0.096,Fcal1m2n1,19,1.308982739,L. californica,0.272,1.788,0.206,0.258,1.398,1.406,176.647,0.268,2.142,0.33,1.067,0.22,0.429,1.43,1.422,168.681,0.474,1.897,1.4983794745370969,11.318999999999988,15.018231626676743,21.254411764705882,1.4282178217821782,0.8024226410692997,0.6738203342980166
Fcal1m2n1d3,F,1,2,1,d,3,0.09,Fcal1m2n1,14,1.604445509,L. californica,0.298,0.719,0.221,0.417,1.406,1.398,173.778,0.454,2.098,0.254,0.749,0.177,0.269,1.385,1.385,174.883,0.272,2.151,0.42296125833261905,6.222000000000008,4.360998639543922,7.114767742958304,1.522393407380867,0.28018303635940556,0.6088844660358633
Fcal1m2n1r1,F,1,2,1,r,1,0.114,Fcal1m2n1,19,1.31000628,L. californica,0.284,0.483,0.232,0.367,1.487,1.493,176.113,0.398,2.06,0.296,1.248,0.286,0.403,1.581,1.523,162.496,0.427,2.026,0.47342544652539864,17.50399999999999,3.546914902380756,7.170536733917016,1.3318122555410692,0.9220716431030687,0.7019717303378505
Fcal1m2n1r2,F,1,2,1,r,2,0.097,Fcal1m2n1,15,1.55345165,L. californica,0.29,1.889,0.185,0.38,1.456,1.463,179.184,0.41,1.573,0.268,1.008,0.215,0.267,1.477,1.499,159.691,0.303,1.611,1.4954860677031405,20.308999999999997,15.327312243419463,24.49963973237262,1.0855779065802933,0.8457270937402817,0.6458399865697644
Fcal1m2n1r3,F,1,2,1,r,3,0.086,Fcal1m2n1,16,1.4342687,L. californica,0.261,2.303,0.196,0.218,1.48,1.488,168.115,0.248,1.679,0.274,1.813,0.238,0.374,1.471,1.487,164.506,0.389,1.808,3.2793035821619543,15.494,43.28031967824861,58.38491763850434,1.1816333446289393,0.6166543296250825,0.622618316308132
Ffre1m1n4d1,F,1,1,4,d,1,0.034,Ffre1m1n4,28,0.97637503,L. fremontii,0.237,0.75,0.138,0.168,0.906,0.918,168.228,0.284,1.301,0.282,1.483,0.143,0.277,0.918,0.925,171.267,0.319,1.293,0.8735591072388695,11.771999999999991,12.277032098547402,16.641978633629595,1.4221491228070173,0.8626908620065501,0.3761442457825579
Ffre1m1n4d2,F,1,1,4,d,2,0.031,Ffre1m1n4,24,1.100101877,L. fremontii,0.25,0.577,0.157,0.173,0.959,0.968,176.193,0.251,1.454,0.293,0.765,0.148,0.299,0.986,0.994,164.572,0.331,1.368,0.34667867631447347,15.427999999999997,5.312947605348995,6.026006825938567,1.4508997429305914,0.6565892188930695,0.4193708590670046
Ffre1m1n4d3,F,1,1,4,d,3,0.034,Ffre1m1n4,32,0.794098826,L. fremontii,0.271,0.658,0.122,0.238,0.965,0.971,170.662,0.28,1.457,0.277,0.907,0.175,0.244,0.947,0.952,175.262,0.282,1.439,0.4687303363046084,9.337999999999994,7.5583333333333345,7.9503110554571235,1.5146443514644352,0.6882552889213324,0.41567562427244265
Ffre1m1n4r1,F,1,1,4,r,1,0.045,Ffre1m1n4,28,0.965802889,L. fremontii,0.248,0.741,0.186,0.257,1.049,1.06,173.13,0.28,1.207,0.255,0.983,0.136,0.254,0.839,0.875,152.003,0.3,1.01,0.5720863784132292,27.997000000000014,8.671464285714285,11.518074003795064,1.1742584745762712,0.6570868802235409,0.3762433852157354
Ffre1m1n4r2,F,1,1,4,r,2,0.032,Ffre1m1n4,30,0.884977065,L. fremontii,0.268,0.667,0.152,0.228,1.055,1.041,170.545,0.289,1.092,0.261,0.626,0.143,0.244,1.056,1.067,175.601,0.291,1.053,0.327936719941319,9.455000000000013,4.964886621719642,5.9693200663349915,1.0161061108479394,0.3451956838516889,0.44198157075306976
Ffre1m1n4r3,F,1,1,4,r,3,0.04,Ffre1m1n4,18,1.356233415,L. fremontii,0.25,0.79,0.156,0.277,1.048,1.053,175.134,0.316,1.293,0.264,0.452,0.145,0.274,1.031,1.047,163.299,0.309,1.335,0.28044997618597933,16.700999999999993,3.6569579288025893,5.410303030303031,1.2640692640692643,0.8201476725412783,0.42290844720440385
Ffre1m2n3d1,F,1,2,3,d,1,0.066,Ffre1m2n3,20,1.317708523,L. fremontii,0.263,0.392,0.181,0.292,0.96,0.962,177.259,0.33,1.453,0.295,0.599,0.199,0.305,1.001,1.006,175.614,0.344,1.477,0.1844177719510402,4.385999999999996,2.0684284707540526,3.0264613005091197,1.4941356450790415,0.7561277509671737,0.4343620563694214
Ffre1m2n3d2,F,1,2,3,d,2,0.06,Ffre1m2n3,18,1.331175316,L. fremontii,0.253,0.743,0.159,0.25,0.924,0.923,176.84,0.307,1.594,0.321,0.596,0.219,0.339,0.925,0.927,173.076,0.388,1.602,0.3477962979009881,6.924000000000007,3.7176197991873465,5.4526738330070295,1.728501892915089,0.597117971157124,0.42311428776188503
Ffre1m2n3d3,F,1,2,3,d,3,0.062,Ffre1m2n3,19,1.19975774,L. fremontii,0.224,0.514,0.17,0.248,0.961,0.96,175.359,0.306,1.607,0.285,0.538,0.187,0.334,0.98,0.984,169.695,0.35,1.454,0.2171877249206375,10.305000000000007,2.5819981325863686,4.331641604010026,1.577022153529109,0.2953460827664122,0.39260660773318956
Ffre1m2n3r1,F,1,2,3,r,1,0.035,Ffre1m2n3,27,0.880225255,L. fremontii,0.195,0.507,0.138,0.206,0.996,1.019,169.503,0.248,0.83,0.246,0.587,0.131,0.241,1.013,1.013,176.382,0.288,0.916,0.2337415620105666,10.497000000000014,4.166792674731183,6.2040650406504065,0.8690890990542559,0.5039826122548713,0.3511241173100061
Ffre1m2n3r2,F,1,2,3,r,2,0.032,Ffre1m2n3,23,1.060123687,L. fremontii,0.24,0.464,0.144,0.256,0.998,1.014,175.91,0.305,1.043,0.218,0.666,0.132,0.212,0.992,0.989,171.818,0.232,0.954,0.24270688204574906,8.181999999999988,4.367213114754099,5.906422018348624,1.0035175879396985,0.7173658151960624,0.3604727909587552
Ffre1m2n3r3,F,1,2,3,r,3,0.061,Ffre1m2n3,18,1.303363538,L. fremontii,0.279,0.914,0.179,0.29,0.855,0.861,171.404,0.307,1.492,0.305,0.903,0.18,0.282,0.897,0.9,171.844,0.307,1.425,0.6482220909748194,8.596000000000004,8.757037209943872,9.699065750044069,1.6649543378995433,0.154677666110819,0.407519369189063
Gcal1m1n4d1,G,1,1,4,d,1,0.052,Gcal1m1n4,23,1.010452287,L. californica,0.273,0.817,0.205,0.37,1.394,1.405,172.266,0.419,1.615,0.23,0.703,0.176,0.207,1.382,1.383,174.723,0.249,1.66,0.4510942205455175,7.734000000000009,5.505084778253827,9.147173116738333,1.1797550432276658,0.5095093558187591,0.5515561283163195
Gcal1m1n4d2,G,1,1,4,d,2,0.025,Gcal1m1n4,39,0.706730526,L. californica,0.265,1.002,0.161,0.43,1.262,1.267,170.114,0.434,1.255,0.205,0.517,0.138,0.2,1.227,1.24,165.318,0.232,1.216,0.40686295217746055,14.681999999999988,5.144942793580169,9.535830648872528,0.9927681799919648,0.8566078198708649,0.46324986233373827
Gcal1m1n4d3,G,1,1,4,d,3,0.053,Gcal1m1n4,25,0.967851126,L. californica,0.273,0.933,0.21,0.34,1.425,1.426,174.236,0.371,1.727,0.244,1.006,0.197,0.198,1.435,1.436,178.968,0.228,1.743,0.7371731453685668,5.76400000000001,11.096112923818982,14.090524229868494,1.2132867132867131,0.3739834243520136,0.5834635359018658
Gcal1m1n4r1,G,1,1,4,r,1,0.036,Gcal1m1n4,18,1.276162425,L. californica,0.227,0.511,0.149,0.194,1.312,1.323,167.778,0.219,1.192,0.177,0.913,0.161,0.362,1.409,1.429,158.066,0.388,1.273,0.36642201534595986,21.933999999999997,5.490549828178694,11.611613031683216,0.9059169423006247,0.8286998183718877,0.43449872156818814
Gcal1m1n4r2,G,1,1,4,r,2,0.075,Gcal1m1n4,24,1.054341133,L. californica,0.264,1.135,0.229,0.38,1.392,1.394,169.619,0.434,1.608,0.23,0.85,0.166,0.273,1.321,1.326,168.615,0.279,1.745,0.7577128781377381,11.384999999999991,7.9674776605057565,15.888504611330697,1.2359012163656469,0.662684517300366,0.5290861507045205
Gcal1m1n4r3,G,1,1,4,r,3,0.037,Gcal1m1n4,18,1.330531048,L. californica,0.223,0.59,0.107,0.274,1.387,1.388,168.986,0.31,1.184,0.194,0.465,0.162,0.153,1.416,1.417,176.043,0.216,1.165,0.21547398612810414,11.01400000000001,4.097222222222223,6.341593083999815,0.8380306814127721,0.6155016545056757,0.46081928623413854
Gcal1m2n5d1,G,1,2,5,d,1,0.032,Gcal1m2n5,27,1.014449789,L. californica,0.275,0.89,0.182,0.41,1.557,1.554,175.139,0.461,1.84,0.261,0.578,0.169,0.238,1.516,1.525,177.536,0.295,1.818,0.4040245232149419,4.86099999999999,3.7826390676127795,7.167119470567745,1.1903677188415231,0.7604143748390984,0.6493882216245166
Gcal1m2n5d2,G,1,2,5,d,2,0.023,Gcal1m2n5,52,0.587731656,L. californica,0.226,0.483,0.151,0.184,1.428,1.431,177.168,0.236,1.841,0.247,0.775,0.176,0.355,1.506,1.509,175.779,0.387,1.854,0.29399416751376917,4.221000000000004,4.09850873735383,6.705689513095195,1.2593728698023177,0.7820419388835466,0.5470108773488295
Gcal1m2n5d3,G,1,2,5,d,3,0.042,Gcal1m2n5,29,0.906770508,L. californica,0.24,0.749,0.149,0.218,1.509,1.511,177.979,0.281,1.684,0.272,0.608,0.181,0.376,1.494,1.49,176.464,0.405,1.67,0.3576640404259143,3.5360000000000014,4.001511357145994,6.9759803921568615,1.1168831168831168,0.5840064752779323,0.6065538024524608
Gcal1m2n5r1,G,1,2,5,r,1,0.065,Gcal1m2n5,12,1.677555309,L. californica,0.259,0.813,0.114,0.241,1.474,1.487,170.07,0.29,1.597,0.222,0.759,0.168,0.375,1.504,1.534,160.441,0.408,1.548,0.4846432884932051,19.558999999999997,5.2152383367139965,10.731973286027339,1.0560779046339825,0.3583707909130324,0.5651541300620826
Gcal1m2n5r2,G,1,2,5,r,2,0.067,Gcal1m2n5,21,1.146522757,L. californica,0.227,0.552,0.155,0.22,1.518,1.528,168.503,0.237,1.659,0.252,0.911,0.155,0.342,1.547,1.543,172.278,0.398,1.751,0.3949547452240277,11.497000000000014,5.331213027161122,8.790853786448501,1.1125611745513866,0.7955198310268674,0.5786770804697912
Gfre1m1n1d1,G,1,1,1,d,1,0.035,Gfre1m1n1,26,0.938598581,L. californica,0.241,0.551,0.165,0.26,1.276,1.281,177.057,0.258,1.773,0.173,0.55,0.158,0.316,1.488,1.501,173.651,0.32,1.578,0.2380149134176124,6.3489999999999895,3.6706637596899228,7.268606240855782,1.2123733719247467,0.060220181571823135,0.4535995206373726
Gfre1m1n1d2,G,1,1,1,d,2,0.064,Gfre1m1n1,18,1.293155061,L. californica,0.244,0.684,0.166,0.203,1.322,1.326,172.865,0.218,1.759,0.272,1.65,0.209,0.364,1.418,1.426,171.812,0.367,1.613,0.8864003672104185,8.187999999999988,14.106442016848737,17.005183220829313,1.2306569343065692,0.9100286073062223,0.5580657448613918
Gfre1m1n1d3,G,1,1,1,d,3,0.045,Gfre1m1n1,17,1.304316371,L. californica,0.252,0.546,0.168,0.305,1.289,1.296,177.116,0.319,1.504,0.266,0.854,0.2,0.303,1.309,1.319,174.32,0.335,1.455,0.3662185972216399,5.680000000000007,4.3632994900107605,6.9561403508771935,1.1389530408006159,0.7689206163644966,0.5311931324320063
Gfre1m1n1r1,G,1,1,1,r,1,0.056,Gfre1m1n1,16,1.348115516,L. californica,0.215,1.098,0.225,0.225,1.345,1.37,178.169,0.256,1.831,0.37,1.006,0.184,0.355,1.422,1.43,171.043,0.453,1.629,0.8675413865109177,8.956999999999994,9.524937913907284,13.885455688246386,1.2504517528008674,0.4006954780153759,0.6499840463801179
Gfre1m1n1r2,G,1,1,1,r,2,0.071,Gfre1m1n1,19,1.17499145,L. californica,0.262,0.781,0.183,0.303,1.284,1.294,174.872,0.347,1.805,0.204,0.716,0.256,0.212,1.283,1.313,157.724,0.268,1.802,0.4391915113792284,22.27600000000001,6.01311884382124,10.462430773836251,1.4051421893260616,0.39940780248236846,0.4734553849373322
Gfre1m1n1r3,G,1,1,1,r,3,0.053,Gfre1m1n1,18,1.206910343,L. californica,0.215,0.582,0.264,0.235,1.312,1.336,169.671,0.251,1.731,0.249,1.365,0.177,0.324,1.386,1.402,173.302,0.353,1.737,0.6239438629478758,10.329000000000008,8.966174960215794,14.839450826562059,1.2853965900667161,0.9045471412441716,0.4940663116465834
Gfre1m2n4d1,G,1,2,4,d,1,0.051,Gfre1m2n4,20,1.22893859,L. californica,0.243,0.393,0.155,0.184,1.408,1.418,175.71,0.217,2.305,0.279,1.487,0.212,0.385,1.449,1.456,172.906,0.416,2.246,0.45897961810602844,7.093999999999994,6.473668468628146,8.619717686623302,1.5929296464823242,0.964443115061664,0.5887684522283241
Gfre1m2n4d2,G,1,2,4,d,2,0.057,Gfre1m2n4,22,1.10056418,L. californica,0.265,1.383,0.167,0.344,1.454,1.459,179.989,0.371,2.148,0.273,1.175,0.193,0.179,1.432,1.429,174.311,0.307,2.262,1.2762916504750226,5.688999999999993,14.26749607101153,22.462160481028402,1.528066528066528,0.5274238412963034,0.6124068845046229
Gfre1m2n4d3,G,1,2,4,d,3,0.136,Gfre1m2n4,10,1.774935067,L. californica,0.285,1.544,0.186,0.353,1.55,1.566,177.717,0.368,2.012,0.298,0.589,0.198,0.356,1.517,1.563,154.132,0.383,2.076,0.7142536561643009,25.867999999999995,6.452321489385856,10.707829977628638,1.3328985979784806,0.9243784612439873,0.7054188128585928
Gfre1m2n4r1,G,1,2,4,r,1,0.046,Gfre1m2n4,17,1.289129978,L. californica,0.239,1.053,0.116,0.266,1.404,1.422,174.035,0.295,2.185,0.202,0.666,0.198,0.199,1.393,1.406,172.541,0.234,2.144,0.55079816119434,7.459000000000003,10.159322033898306,14.526243837772897,1.5477297104040046,0.7745778072330493,0.48672248795286455
Gfre1m2n4r2,G,1,2,4,r,2,0.047,Gfre1m2n4,21,1.188697476,L. californica,0.228,0.629,0.1,0.231,1.341,1.355,176.611,0.298,2.414,0.289,1.363,0.182,0.429,1.389,1.399,169.895,0.452,2.362,0.6733430512310885,10.10499999999999,6.364903189404289,13.01109391124871,1.7494505494505495,0.8871495593487527,0.5586091885801636
Gfre1m2n4r3,G,1,2,4,r,3,0.116,Gfre1m2n4,16,1.345199146,L. californica,0.246,0.556,0.164,0.28,1.174,1.178,175.156,0.304,2.173,0.237,1.714,0.192,0.243,1.246,1.252,170.255,0.256,2.138,0.7484718833472032,9.745000000000005,12.245374177631579,16.34564851977634,1.781404958677686,0.9459243183700766,0.46132863106795713
Ggla1m1n4d1,G,1,1,4,d,1,0.17,Ggla1m1n4,13,1.724388285,L. glaberrima,0.362,0.508,0.388,0.516,1.946,1.947,177.597,0.544,1.126,0.246,0.408,0.197,0.263,1.975,1.979,176.003,0.341,1.118,0.16278476493841945,3.997000000000014,1.1173020527859236,2.3274491308449,0.5723029839326701,0.595777399622896,0.9473539760197048
Ggla1m1n4d2,G,1,1,4,d,2,0.096,Ggla1m1n4,23,1.079697491,L. glaberrima,0.264,0.369,0.376,0.479,1.686,1.692,176.693,0.497,1.063,0.204,0.277,0.21,0.367,1.741,1.741,179.989,0.378,1.022,0.08027790247534868,3.306999999999988,0.5440739676152151,1.8978943850267382,0.6084038517653925,0.6606688132657451,0.6338402264462549
Ggla1m1n4d3,G,1,1,4,d,3,0.183,Ggla1m1n4,13,1.683182007,L. glaberrima,0.373,0.669,0.454,0.574,1.989,1.994,175.183,0.594,1.16,0.305,0.743,0.24,0.296,1.961,2.002,178.429,0.323,1.111,0.3903955088855051,4.817000000000007,2.590752728523626,4.369243616226432,0.5749367088607594,0.43505523058583234,1.0581320512586903
Ggla1m1n5d1,G,1,1,5,d,1,0.114,Ggla1m1n5,21,1.178399449,L. glaberrima,0.309,0.396,0.394,0.483,2.04,2.051,168.708,0.5,1.012,0.261,0.411,0.228,0.343,2.019,2.024,173.865,0.34,1.011,0.12782826348192353,11.292000000000002,0.9573882352941178,2.0180783394710415,0.4983986203498398,0.26769519446558,0.912381021158292
Ggla1m1n5d2,G,1,1,5,d,2,0.114,Ggla1m1n5,19,1.277047405,L. glaberrima,0.286,0.51,0.321,0.433,1.925,1.945,165.283,0.435,0.974,0.211,0.351,0.209,0.249,1.943,1.947,175.51,0.266,0.969,0.14059412522978645,14.717000000000013,1.5470572984184596,2.966393795777682,0.5023267838676319,0.7254875463650605,0.7607220026678038
Ggla1m1n5d3,G,1,1,5,d,3,0.094,Ggla1m1n5,20,1.233277665,L. glaberrima,0.295,0.571,0.388,0.482,1.916,1.916,172.211,0.487,1.001,0.237,0.537,0.212,0.181,1.96,1.962,178.203,0.251,0.971,0.24082428264808523,7.788999999999987,2.5084630676472752,4.3857112207680755,0.5087719298245614,0.33991727027703217,0.8140312325897757
Hcal1m1n1d1,H,1,1,1,d,1,0.069,Hcal1m1n1,24,1.087551933,L. californica,0.309,0.46,0.201,0.339,1.309,1.325,167.471,0.386,1.596,0.271,0.744,0.179,0.239,1.426,1.435,167.4,0.295,1.517,0.26879466744116043,12.599999999999994,3.0055326249231578,4.0869845591659795,1.1382084095063987,0.7859582517243383,0.6270731195789345
Hcal1m1n1d2,H,1,1,1,d,2,0.087,Hcal1m1n1,21,1.194733352,L. californica,0.302,1,0.211,0.365,1.38,1.387,168.083,0.376,1.847,0.272,1.021,0.174,0.264,1.453,1.472,167.949,0.319,1.738,0.8018915248288474,12.050999999999988,8.512305742679915,12.429392286716007,1.2654429932933284,0.2017748634327847,0.6422735728535203
Hcal1m1n1d3,H,1,1,1,d,3,0.073,Hcal1m1n1,19,1.237611471,L. californica,0.313,1.005,0.222,0.345,1.385,1.404,172.693,0.372,1.696,0.31,0.709,0.177,0.332,1.409,1.41,177.256,0.378,1.684,0.5596315343380716,7.306999999999988,5.067310974569039,7.3435535401422225,1.2097351467430206,0.7087371576995187,0.6877952670749534
Hcal1m1n1r1,H,1,1,1,r,1,0.098,Hcal1m1n1,17,1.343102874,L. californica,0.23,0.778,0.143,0.304,1.454,1.451,178.741,0.324,1.559,0.222,0.637,0.219,0.37,1.48,1.509,158.826,0.414,1.574,0.38923233420551345,21.174000000000007,3.694653187809388,9.705953779866823,1.0678254942058623,0.5741272749091059,0.522367607740539
Hcal1m1n1r2,H,1,1,1,r,2,0.093,Hcal1m1n1,15,1.496621875,L. californica,0.239,0.688,0.287,0.368,1.473,1.488,162.877,0.393,1.785,0.258,0.701,0.216,0.269,1.55,1.574,168.513,0.295,1.676,0.37878810942865343,17.12299999999999,4.159986199163324,7.821478382147838,1.1448891829308634,0.19169234978979854,0.5922038942832437
Hcal1m1n1r3,H,1,1,1,r,3,0.061,Hcal1m1n1,22,1.146830414,L. californica,0.239,0.587,0.211,0.251,1.355,1.364,172.515,0.283,1.575,0.327,0.621,0.299,0.387,1.346,1.358,166.03,0.4,1.61,0.2862988363088005,13.969999999999999,3.2202031802120143,4.664273924225557,1.1791928915216587,0.3263482780262393,0.6071270943580788
Hcal1m2n3d1,H,1,2,3,d,1,0.092,Hcal1m2n3,11,1.77706008,L. californica,0.319,0.903,0.216,0.371,1.308,1.316,167.033,0.386,1.609,0.27,0.209,0.151,0.275,1.309,1.293,159.068,0.343,1.657,0.14822583918351998,20.931999999999988,1.425452046103415,2.1911877394636012,1.2479938861291555,0.9728466293787021,0.6101338382866961
Hcal1m2n3d2,H,1,2,3,d,2,0.082,Hcal1m2n3,17,1.449603608,L. californica,0.269,0.761,0.175,0.227,1.324,1.324,180,0.306,1.5,0.321,0.559,0.186,0.37,1.325,1.328,177.423,0.403,1.477,0.33410759331113316,2.576999999999998,3.4496099515074845,4.926507544962884,1.123820309550774,0.6785439670956872,0.6186884211545175
Hcal1m2n3d3,H,1,2,3,d,3,0.097,Hcal1m2n3,20,1.272276702,L. californica,0.255,0.346,0.176,0.318,1.37,1.376,177.834,0.343,1.41,0.295,0.626,0.196,0.285,1.369,1.372,177.186,0.323,1.368,0.17011410059924492,2.813999999999993,1.955031636714836,2.879308740445331,1.0142387732749178,0.8333699087265493,0.5953108420473491
Hcal1m2n3r1,H,1,2,3,r,1,0.1,Hcal1m2n3,20,1.182648507,L. californica,0.249,0.774,0.187,0.331,1.304,1.313,170.757,0.36,1.493,0.252,1.159,0.244,0.342,1.411,1.429,166.759,0.373,1.361,0.7045539888463417,13.241000000000014,6.680563002680965,14.296328169822146,1.0511970534069983,0.7443254279735391,0.5364286058137301
Hcal1m2n3r2,H,1,2,3,r,2,0.102,Hcal1m2n3,20,1.239750959,L. californica,0.283,1.339,0.178,0.393,1.285,1.294,170.647,0.454,1.584,0.254,1.231,0.251,0.247,1.175,1.182,171.329,0.283,1.568,1.2945788613115699,9.353000000000009,12.829104465995236,22.930761525834008,1.2813008130081303,0.39345753102641107,0.5222068159575182
Hcal1m2n3r3,H,1,2,3,r,3,0.053,Hcal1m2n3,32,0.892458722,L. californica,0.335,1.314,0.151,0.342,1.619,1.617,169.796,0.456,1.595,0.343,0.527,0.193,0.351,1.605,1.634,162.304,0.409,1.559,0.543870949393174,17.695999999999998,3.712939132672757,6.026526260824159,0.9782878411910669,0.9160494012933376,0.8631509170127096
Hfre1m2n2d1,H,1,2,2,d,1,0.047,Hfre1m2n2,18,1.349683121,L. fremontii,0.243,0.479,0.13,0.255,1.043,1.05,174.881,0.281,1.493,0.276,1.104,0.184,0.274,1.024,1.034,175.052,0.29,1.436,0.41533111517521243,5.119,6.489336114860721,7.884773662551441,1.417029511369134,0.9009722039890291,0.42498650287979206
Hfre1m2n2d2,H,1,2,2,d,2,0.059,Hfre1m2n2,14,1.669296824,L. fremontii,0.264,0.431,0.152,0.277,1.049,1.056,173.705,0.294,1.538,0.276,0.632,0.202,0.308,1.06,1.071,172.643,0.328,1.575,0.21393617652417182,7.356999999999999,2.8247054919528787,3.7383618796662272,1.476055002370792,0.7313875826306309,0.45093145899907977
Hfre1m2n2d3,H,1,2,2,d,3,0.058,Hfre1m2n2,16,1.509302124,L. fremontii,0.253,0.758,0.182,0.231,1.048,1.051,175.845,0.286,1.541,0.264,0.724,0.19,0.263,1.062,1.064,173.751,0.314,1.53,0.43102022888724084,6.248999999999995,6.110997282971805,8.216433105761169,1.4554502369668243,0.2961381470860358,0.43163246807062006
Hfre1m2n2r1,H,1,2,2,r,1,0.064,Hfre1m2n2,11,1.850668377,L. fremontii,0.254,0.482,0.13,0.305,1.199,1.215,163.57,0.35,1.015,0.215,0.554,0.09,0.267,1.195,1.211,164.914,0.317,0.989,0.20972330077570764,16.430000000000007,2.406741775574583,4.889727156198498,0.8370927318295739,0.4929880148768685,0.4437643237896291
Hfre1m2n2r2,H,1,2,2,r,2,0.071,Hfre1m2n2,18,1.40894099,L. fremontii,0.288,0.82,0.173,0.314,1.253,1.251,173.612,0.343,0.993,0.251,0.51,0.19,0.295,1.245,1.269,160.128,0.302,1.005,0.3284535119328345,19.872000000000014,4.037225107640029,5.78519256308101,0.7998398718975178,0.7830559881306657,0.5324047337600581
Hfre1m2n2r3,H,1,2,2,r,3,0.072,Hfre1m2n2,19,1.335187874,L. fremontii,0.255,0.515,0.162,0.256,1.246,1.258,167.124,0.293,1.11,0.239,0.673,0.179,0.279,1.249,1.272,158.64,0.311,1.177,0.27221507644275655,21.360000000000014,3.8035951406340893,5.687012880465995,0.9166332665330661,0.6437566073772018,0.4865020560858221
Hfre1m2n3d1,H,1,2,3,d,1,0.058,Hfre1m2n3,12,1.831443188,L. fremontii,0.283,0.669,0.164,0.251,0.876,0.894,173.699,0.269,1.513,0.306,1.055,0.241,0.296,0.951,0.956,171.78,0.317,1.29,0.5543300967351384,8.219999999999999,8.276887174134837,8.150245964110026,1.5342090859332238,0.7732320081131254,0.4281861096503863
Hfre1m2n3d2,H,1,2,3,d,2,0.055,Hfre1m2n3,17,1.376304341,L. fremontii,0.319,0.754,0.197,0.263,0.796,0.804,173.814,0.309,1.587,0.29,0.685,0.19,0.263,0.908,0.915,174.584,0.325,1.06,0.4056502974131748,6.186000000000007,5.143042071197412,5.583072100313481,1.5534037558685445,0.4179108017106476,0.41417890869091484
Hfre1m2n3d3,H,1,2,3,d,3,0.06,Hfre1m2n3,17,1.334028995,L. fremontii,0.252,0.749,0.196,0.319,0.928,0.934,170.057,0.344,1.603,0.292,0.852,0.162,0.267,0.984,0.987,173.067,0.304,1.543,0.5012002671757879,9.943000000000012,6.102241432068546,8.672374429223748,1.645397489539749,0.4766226571976416,0.41308320366020984
Hfre1m2n3r1,H,1,2,3,r,1,0.072,Hfre1m2n3,19,1.240304276,L. fremontii,0.274,0.296,0.125,0.247,1.115,1.117,176.069,0.335,1.203,0.253,0.317,0.127,0.263,1.11,1.132,160.753,0.285,1.291,0.07369548046791422,19.247000000000014,0.9827913066247709,1.3535674100574129,1.1208988764044943,0.35791559553260704,0.4638608211442526
Hfre1m2n3r2,H,1,2,3,r,2,0.055,Hfre1m2n3,21,1.173225884,L. fremontii,0.267,1.258,0.186,0.269,0.932,0.94,174.69,0.304,1.527,0.269,0.692,0.18,0.3,0.825,0.835,171.161,0.304,1.448,0.683717375571406,8.838999999999999,9.419754155124654,12.120574189326536,1.6932270916334657,0.8351122998133738,0.37410381066866993
Hfre1m2n3r3,H,1,2,3,r,3,0.073,Hfre1m2n3,18,1.377911084,L. fremontii,0.23,0.23,0.175,0.259,1.159,1.171,169.3,0.311,0.926,0.252,0.404,0.205,0.308,1.112,1.119,176.619,0.349,0.99,0.07297919734289571,10.699999999999989,0.8560978081611219,1.603174603174603,0.8436811977102598,0.8221250626667678,0.43248586499198766
Hgla1m2n2d1,H,1,2,2,d,1,0.128,Hgla1m2n2,15,1.406476946,L. glaberrima,0.267,0.39,0.217,0.266,1.611,1.619,173.017,0.324,0.998,0.324,0.459,0.288,0.468,1.595,1.605,174.2,0.496,1.034,0.14059412522978648,6.983000000000004,1.1139112903225807,2.0692883895131087,0.6338116032439177,0.5273096327197373,0.7488990858064445
Hgla1m2n2d2,H,1,2,2,d,2,0.106,Hgla1m2n2,17,1.421236661,L. glaberrima,0.108,0.132,0.098,0.119,0.631,0.633,175.139,0.123,0.383,0.291,0.395,0.201,0.298,1.555,1.558,177.588,0.328,0.945,0.040950660239545654,4.86099999999999,1.2923854848304581,1.6590301641848035,0.607502287282708,0.9425102592799407,0.3617215186622378
Hgla1m2n2d3,H,1,2,2,d,3,0.116,Hgla1m2n2,18,1.369591624,L. glaberrima,0.289,0.532,0.323,0.399,1.545,1.555,175.052,0.398,0.878,0.273,0.467,0.18,0.334,1.519,1.528,175.704,0.375,0.861,0.1951274613071285,4.9480000000000075,1.6646164154103853,3.1489663738798686,0.5675587467362924,0.4789914817800434,0.6791860732936936
Hgla1m2n4d1,H,1,2,4,d,1,0.254,Hgla1m2n4,17,1.418196944,L. glaberrima,0.379,0.433,0.277,0.277,2.47,2.475,177.192,0.365,1.243,0.406,0.482,0.389,0.564,2.429,2.44,178.529,0.615,1.23,0.16391730909003865,2.8079999999999927,0.9297516427219069,1.3563435018261694,0.5047968973259849,0.43930034952605485,1.5154847367225206
Hgla1m2n4d2,H,1,2,4,d,2,0.229,Hgla1m2n4,11,1.840309624,L. glaberrima,0.366,0.427,0.252,0.318,2.363,2.354,177.972,0.4,1.139,0.399,0.541,0.36,0.519,2.299,2.306,178.462,0.543,1.159,0.18143247353196632,2.0279999999999916,1.0635681399631676,1.58187134502924,0.49292149292149295,0.6140345936264566,1.4058761924378524
Hgla1m2n4d3,H,1,2,4,d,3,0.272,Hgla1m2n4,16,1.533810982,L. glaberrima,0.415,0.56,0.261,0.348,2.532,2.543,177.659,0.41,1.173,0.424,0.526,0.349,0.547,2.507,2.514,178.675,0.601,1.21,0.23134688301036763,2.341000000000008,1.1954060305994076,1.6740168220050013,0.47291129192300063,0.3431360472739282,1.666012060609578
