Video_Code,Species,Orientation,Pappus_base_midpoint_x_coord_corr,Pappus_base_midpoint_y_coord_corr,Pappus_base_width,Pappus_base_angle_corr,Pappus_tip_midpoint_x_coord_corr,Pappus_tip_midpoint_y_coord_corr,Pappus_tip_width,Pappus_tip_angle_corr,Achene_tip_midpoint_x_coord_corr,Achene_tip_midpoint_y_coord_corr,Achene_tip_width,Achene_tip_angle_corr,Achene_mid_midpoint_x_coord_corr,Achene_mid_midpoint_y_coord_corr,Achene_mid_width,Achene_mid_width_angle_corr,Achene_length_lin,Achene_twopt_length,Achene_twopt_angle,Achene_max_width_midpoint_x_coord_corr,Achene_max_width_midpoint_y_coord_corr,Achene_max_width,Achene_max_width_angle_corr,Number_awns,Number_scale_tips,Pappus_perp_max_length,Scales_max_length,Scales_min_length,Awns_max_length,Awns_min_length,Angle_problem,Other_species,Other_issue,Notes
Acal1m1n3d1,L. californica,Front,2.802,2.422,0.261,-176.424,2.422,0.519,1.472,-176.464,2.862,3.743,0.12,-176.186,2.825,3.105,0.318,-173.991,1.359,1.385,176.653,2.825,3.105,0.318,-173.991,4,NA,2.067,NA,NA,2.215,1.836,no,no,no,
Acal1m1n3d1,L. californica,Side,2.365,2.342,0.218,169.114,2.707,0.873,1.131,169.177,2.707,3.566,0.202,-155.556,2.432,3.045,0.279,-157.249,1.369,1.406,154.686,2.344,2.582,0.337,-175.815,4,NA,2.256,NA,NA,2.177,1.662,no,no,no,
Acal1m1n3d2,L. californica,Front,2.484,2.221,0.297,173.66,2.658,3.695,0.17,-165.964,2.627,3.695,0.17,-165.964,2.467,2.988,0.347,-173.211,1.525,1.518,166.359,2.441,2.594,0.381,-177.563,3,NA,2.08,NA,NA,2.116,1.971,yes,no,no,basically the same angle as Front
Acal1m1n3d2,L. californica,Side,2.544,2.289,0.288,180,2.61,0.853,0.576,180,2.859,3.737,0.165,-157.166,2.618,3.06,0.354,-165.324,1.523,1.538,166.868,2.569,2.813,0.379,-172.569,3,NA,2.08,NA,NA,2.047,1.868,yes,no,no,
Acal1m1n3d3,L. californica,Front,2.762,2.311,0.235,-173.884,2.763,0.231,1.33,-173.935,2.791,3.763,0.145,173.29,2.793,3.069,0.264,180,1.51,1.506,174.967,2.792,2.975,0.262,-178.152,4,NA,2.194,NA,NA,2.227,2.075,no,no,no,
Acal1m1n3d3,L. californica,Side,2.464,2.281,0.263,176.424,2.962,0.254,1.358,176.553,2.72,3.78,0.204,-168.69,2.541,3.071,0.356,-169.461,1.581,1.586,171.624,2.478,2.787,0.393,-170.538,4,NA,2.222,NA,NA,2.254,1.444,no,no,no,shortest awn curvy
Acal1m1n3r1,L. californica,Front,2.366,2.041,0.256,170.538,2.606,1.055,1.033,170.388,2.397,3.482,0.149,180,2.364,2.782,0.325,180,1.488,1.497,177.51,2.361,2.248,0.314,178.493,3,NA,1.657,NA,NA,1.637,0.803,no,no,no,
Acal1m1n3r1,L. californica,Side,2.864,2.142,0.212,-152.447,2.112,1.166,2.884,-152.485,2.798,3.542,0.242,176.055,2.96,2.933,0.369,174.92,1.512,1.545,158.311,2.963,2.535,0.396,-176.424,3,NA,1.866,NA,NA,1.356,2.016,no,no,no,
Acal1m1n3r2,L. californica,Front,2.93,2.253,0.222,-167.471,2.404,1.043,1.301,-167.628,2.738,3.581,0.184,162.35,2.965,2.971,0.307,169.287,1.409,1.455,160.103,2.987,2.749,0.323,180,3,NA,1.537,NA,NA,1.758,1.493,yes,no,no,same angle
Acal1m1n3r2,L. californica,Side,3.113,1.949,0.211,-173.418,2.493,1.276,1.682,-173.29,2.751,3.322,0.168,-14.036,3.105,2.661,0.242,172.405,1.447,1.489,154.117,3.143,2.444,0.261,176.424,3,NA,1.526,NA,NA,1.883,1.705,yes,no,no,same angle
Acal1m1n3r3,L. californica,Front,3.075,2.161,0.251,-172.405,3.15,1.525,1.059,-172.435,3.269,3.53,0.145,-157.62,3.09,2.85,0.263,-176.424,1.386,1.4,166.869,3.09,2.563,0.306,-178.452,4,NA,1.685,NA,NA,1.747,0.629,no,no,no,
Acal1m1n3r3,L. californica,Side,2.895,1.99,0.226,-164.932,2.488,0.916,1.087,-164.707,2.574,3.332,0.136,154.983,2.838,2.682,0.252,165.069,1.383,1.466,161.429,2.928,2.275,0.3,175.236,4,NA,1.622,NA,NA,1.55,0.924,no,no,no,
Acal1m2n5d1,L. californica,Front,1.262,0.894,0.101,176.186,1.322,0.212,0.517,176.309,1.269,1.504,0.077,-175.03,1.259,1.212,0.104,-178.152,0.64,0.64,177.615,1.256,1.049,0.129,180,4,NA,0.875,NA,NA,0.895,0.615,no,no,no,
Acal1m2n5d1,L. californica,Side,2.459,2.188,0.29,168.69,2.675,0.333,1.9,168.835,2.509,3.719,0.218,169.114,2.478,2.986,0.366,180,1.58,1.599,177.663,2.451,2.754,0.41,-177.709,4,NA,2.051,NA,NA,2.208,1.199,no,no,no,
Acal1m2n5d2,L. californica,Front,2.389,2.176,0.263,174.644,2.78,0.463,1.335,174.742,2.539,3.617,0.186,-164.745,2.401,2.941,0.254,-174.472,1.526,1.524,169.425,2.465,3.312,0.268,-165.964,4,NA,1.968,NA,NA,1.927,1.712,no,no,no,
Acal1m2n5d2,L. californica,Side,2.806,2.108,0.229,177.955,2.555,0.698,0.895,177.917,2.807,3.55,0.18,169.695,2.825,2.863,0.322,178.568,1.521,1.539,175.125,2.833,2.533,0.36,178.698,4,NA,1.936,NA,NA,1.923,1.59,no,no,no,
Acal1m2n5d3,L. californica,Front,2.897,2.22,0.258,-172.648,2.59,0.638,1.414,-172.34,2.789,3.718,0.211,166.504,2.879,3.005,0.325,171.254,1.57,1.539,174.212,2.909,2.691,0.384,173.928,4,NA,2.151,NA,NA,2.09,1.809,no,no,no,
Acal1m2n5d3,L. californica,Side,2.9,2.221,0.259,-174.644,2.582,0.668,1.43,-174.42,2.786,3.72,0.205,163.74,2.877,3.007,0.324,172.694,1.559,1.58,172.209,2.912,2.555,0.36,180,4,NA,2.125,NA,NA,2.08,1.761,no,no,no,
Acal1m2n5r1,L. californica,Front,2.83,2.329,0.235,176.055,2.882,0.969,0.655,176.424,2.944,3.513,0.182,-169.695,2.844,2.952,0.352,-171.87,1.258,1.254,168.865,2.83,2.691,0.366,-176.186,2,NA,2.04,NA,NA,2.073,1.513,no,no,yes,broken awn?
Acal1m2n5r1,L. californica,Side,2.935,2.473,0.244,-172.147,2.684,1.046,0.957,-172.147,2.875,3.698,0.164,-17.526,2.981,3.104,0.268,-174.806,1.261,1.263,165.181,2.948,2.777,0.291,-171.87,3,NA,2.022,NA,NA,2.065,1.071,no,no,yes,broken awn?
Acal1m2n5r2,L. californica,Front,2.74,2.065,0.252,-174.289,2.566,1.645,0.686,-174.495,2.669,3.456,0.209,163.74,2.74,2.792,0.312,178.493,1.494,1.489,171.952,2.76,2.322,0.339,-177.207,4,NA,1.913,NA,NA,1.931,1.783,no,no,no,
Acal1m2n5r2,L. californica,Side,2.946,2.218,0.264,-174.644,2.675,0.676,0.908,-173.774,2.831,3.562,0.203,156.501,2.951,2.94,0.287,173.29,1.456,1.456,169.775,2.971,2.486,0.323,-178.531,4,NA,1.977,NA,NA,2.049,1.933,no,no,no,
Acal1m2n5r3,L. californica,Front,2.522,2.249,0.23,180,2.642,0.366,1.279,180,2.658,3.617,0.121,-171.87,2.579,2.956,0.281,-173.29,1.413,1.406,176.194,2.541,2.596,0.29,-175.101,3,NA,1.951,NA,NA,1.983,1.262,no,no,no,
Acal1m2n5r3,L. californica,Side,2.873,2.222,0.248,-166.866,2.598,1.648,1.011,-166.414,2.866,3.55,0.175,174.56,2.921,2.923,0.306,178.493,1.394,1.388,172.562,2.921,2.691,0.35,-177.274,3,NA,1.878,NA,NA,1.993,1.077,no,no,no,
Afre1m2n1d1,L. fremontii,Front,2.02,1.806,0.254,-178.531,1.996,1.57,0.379,-179.029,2.082,2.761,0.109,180,2.045,2.308,0.215,-178.264,1.003,1.016,178.647,2.025,1.865,0.248,-178.531,4,4,1.431,0.236,0.167,1.403,1.105,no,no,no,
Afre1m2n1d1,L. fremontii,Side,2.484,1.834,0.291,180,2.296,0.694,0.737,180,2.369,2.773,0.113,169.992,2.454,2.335,0.304,172.725,0.99,1.012,169.246,2.49,2.009,0.342,175.684,4,3,1.41,0.251,0.2,1.501,1.103,no,no,no,
Afre1m2n1d2,L. fremontii,Front,2.057,1.728,0.257,178.568,2.062,1.127,0.307,178.807,2.155,2.722,0.14,-174.806,2.081,2.25,0.245,-173.991,1.039,1.051,174.218,2.045,1.842,0.282,-178.698,4,2,1.534,0.228,0.167,1.542,1.33,no,no,no,
Afre1m2n1d2,L. fremontii,Side,1.955,1.732,0.253,-178.568,1.972,0.888,0.307,-178.807,2.025,2.742,0.144,-174.806,1.983,2.256,0.253,-174.144,1.054,1.075,175.419,1.942,1.855,0.291,-176.269,4,2,1.559,0.202,0.162,1.55,1.486,no,no,no,
Afre1m2n1d3,L. fremontii,Front,2.377,1.949,0.235,168.996,2.379,1.693,0.386,169.611,2.157,2.808,0.138,-13.392,2.288,2.425,0.241,-16.991,0.988,1.006,171.295,2.388,2.053,0.273,169.216,4,4,1.602,0.363,0.209,1.563,1.189,no,no,no,
Afre1m2n1d3,L. fremontii,Side,2.299,1.88,0.302,173.928,2.176,1.687,0.591,174.352,2.043,2.813,0.159,168.232,2.196,2.384,0.32,165.964,1.039,1.052,168.821,2.294,2.037,0.333,168.69,4,2,1.538,0.323,0.206,1.539,0.668,no,no,no,
Afre1m2n1r1,L. fremontii,Front,2.169,1.902,0.28,172.057,2.175,0.875,0.31,171.703,2.222,2.814,0.154,-2.386,2.188,2.391,0.274,177.337,0.992,1.002,175.797,2.177,2.107,0.303,178.781,4,2,1.483,0.171,0.138,1.477,1,no,no,no,
Afre1m2n1r1,L. fremontii,Side,1.711,1.869,0.264,-173.047,1.656,0.517,0.856,-173.14,1.905,2.756,0.134,180,1.816,2.341,0.237,-165.964,0.977,0.988,178.555,1.72,2.006,0.274,-169.216,4,3,1.485,0.239,0.171,1.469,1.128,no,no,no,
Afre1m2n1r2,L. fremontii,Front,1.874,1.511,0.256,-177.138,1.863,1.285,0.333,-176.698,1.704,2.663,0.148,-12.804,1.833,2.102,0.304,167.735,1.192,1.188,172.943,1.889,1.69,0.333,178.898,2,1,1.183,0.153,0.153,1.185,0.932,no,no,no,looks like a diff species but r1 doesn’t
Afre1m2n1r2,L. fremontii,Side,2.143,1.567,0.228,-162.072,1.979,0.975,0.62,-161.94,2.042,2.764,0.153,-7.431,2.162,2.213,0.301,172.725,1.256,1.275,166.73,2.203,1.895,0.329,-178.877,2,1,1.246,0.184,0.184,1.154,1.052,no,no,no,looks like a diff species but r1 doesn’t
Afre1m2n1r3,L. fremontii,Front,2.134,1.563,0.292,175.03,2.117,0.766,0.437,174.958,2.224,2.837,0.147,-167.196,2.137,2.245,0.329,-176.634,1.336,1.346,171.085,2.128,1.836,0.38,-179.045,2,1,0.946,0.282,0.282,0.92,0.888,no,no,no,looks like a diff species but r1 doesn’t
Afre1m2n1r3,L. fremontii,Side,2.527,1.554,0.237,-161.075,2.358,0.781,0.569,-160.346,2.693,2.834,0.173,-177.879,2.668,2.222,0.302,-173.928,1.345,1.357,169.677,2.61,1.799,0.336,-165.7,2,0,0.981,NA,NA,0.955,0.889,no,no,no,looks like a diff species but r1 doesn’t
Afre1m2n5d1,L. fremontii,Front,3.127,2.002,0.247,178.091,2.992,0.637,0.957,178.025,3.099,3.177,0.164,-177.138,3.072,2.62,0.271,180,1.236,1.244,170.924,3.084,2.197,0.312,178.493,3,1,1.363,0.363,0.363,1.398,1.221,no,no,no,
Afre1m2n5d1,L. fremontii,Side,3.501,2.067,0.26,176.424,3.473,0.653,0.361,176.1,2.878,3.169,0.111,-36.027,3.287,2.679,0.315,-23.199,1.314,1.34,158.173,3.482,2.23,0.335,165.619,3,2,1.446,0.323,0.268,1.438,1.18,no,no,no,
Afre1m2n5d2,L. fremontii,Front,2.36,2.403,0.265,169.046,2.402,2.128,0.356,169.461,2.464,3.465,0.137,-162.646,2.358,2.94,0.295,-178.409,1.122,1.156,165.692,2.358,2.617,0.318,174.144,2,4,1.539,0.282,0.209,1.53,1.426,no,no,no,
Afre1m2n5d2,L. fremontii,Side,2.972,2.523,0.26,178.21,2.779,1.161,0.798,178.229,2.786,3.534,0.152,-33.69,2.913,3.068,0.274,-14.036,1.085,1.105,171.109,2.97,2.686,0.306,176.987,2,4,1.686,0.29,0.247,1.742,1.455,no,no,no,
Afre1m2n5d3,L. fremontii,Front,2.734,2.313,0.295,-173.66,2.546,1.159,0.724,-173.443,2.735,3.391,0.148,180,2.747,2.877,0.275,180,1.143,1.154,171.827,2.737,2.451,0.322,-174.144,4,4,1.877,0.323,0.249,1.884,1.521,no,no,no,
Afre1m2n5d3,L. fremontii,Side,2.898,2.424,0.254,180,2.822,1.26,0.491,180,2.927,3.514,0.162,180,2.877,2.988,0.315,180,1.129,1.163,175.209,2.893,2.539,0.349,180,4,3,1.87,0.27,0.199,1.878,1.484,no,no,no,
Afre1m2n5r1,L. fremontii,Front,2.951,1.905,0.299,-178.452,3.002,0.48,0.491,-179.045,2.816,3.077,0.139,176.634,2.928,2.544,0.311,178.493,1.241,1.246,170.893,2.961,2.056,0.344,-177.274,4,4,1.511,0.204,0.088,1.485,0.564,no,no,no,
Afre1m2n5r1,L. fremontii,Side,2.848,2.039,0.218,-169.114,2.658,0.914,0.598,-168.845,2.531,3.312,0.106,-28.61,2.785,2.708,0.196,168.232,1.339,1.364,160.905,2.864,2.154,0.279,-169.695,3,1,1.468,0.274,0.274,1.51,1.142,no,no,no,
Afre1m2n5r2,L. fremontii,Front,2.717,2.008,0.278,-171.634,2.7,1.479,0.364,-170.961,2.499,3.207,0.128,-37.569,2.726,2.655,0.278,169.695,1.261,1.291,159.528,2.743,2.155,0.325,-172.694,2,5,1.143,0.299,0.104,1.14,0.553,no,no,no,"awns underdeveloped, looks like a diff species by r1 doesn’t"
Afre1m2n5r2,L. fremontii,Side,1.909,2.132,0.297,180,1.791,1.357,0.571,180,2.21,3.302,0.176,-148.57,1.975,2.76,0.298,-165.579,1.258,1.28,163.458,1.921,2.333,0.346,-173.211,2,4,1.115,0.295,0.2,1.144,0.575,no,no,no,"awns underdeveloped, looks like a diff species by r1 doesn’t"
Afre1m2n5r3,L. fremontii,Front,2.192,1.105,0.305,172.875,2.273,2.295,0.153,-154.537,2.164,0.896,0.155,172.875,2.181,1.735,0.292,-173.66,1.242,1.254,167.146,2.175,1.232,0.337,177.839,0,3,0.257,0.238,0.205,NA,NA,no,no,no,basically no pappus
Afre1m2n5r3,L. fremontii,Side,2.506,1.089,0.247,-157.38,2.498,0.998,0.252,-157.932,2.248,2.253,0.129,-43.025,2.487,1.728,0.291,-15.255,1.243,1.278,158.22,2.533,1.269,0.328,-178.898,0,4,0.24,0.224,0.138,NA,NA,no,no,no,basically no pappus
Bfre2m1n5d1,L. fremontii,Front,2.032,1.918,0.248,177.23,2.016,1.72,0.436,177.374,2.114,2.936,0.138,-163.142,2.036,2.446,0.229,-174.987,1.056,1.058,172.77,2.014,2.106,0.28,-179.182,2,5,1.65,0.202,0.133,1.65,1.127,no,no,no,
Bfre2m1n5d1,L. fremontii,Side,2.136,1.728,0.269,-173.613,2.136,1.557,0.354,-173.517,2.335,2.726,0.137,-158.663,2.2,2.261,0.294,-168.232,1.062,1.08,168.176,2.146,1.844,0.327,-170.882,2,5,1.581,0.165,0.098,1.585,1.186,no,no,no,
Bfre2m1n5d2,L. fremontii,Front,1.919,1.811,0.295,-177.292,1.833,0.929,0.598,-177.138,1.71,2.867,0.184,158.429,1.854,2.395,0.336,-12.308,1.162,1.171,169.93,1.923,1.914,0.37,-179.076,4,4,1.709,0.252,0.157,1.756,1.415,no,no,no,
Bfre2m1n5d2,L. fremontii,Side,1.892,1.85,0.252,-178.182,1.942,0.226,0.768,-178.21,1.917,2.955,0.15,179.236,1.918,2.426,0.168,-178.636,1.16,1.169,176.461,1.888,1.908,0.26,-176.479,4,3,1.657,0.244,0.202,1.674,1.432,no,no,no,
Bfre2m1n5d3,L. fremontii,Front,1.956,1.701,0.245,177.672,2.11,0.141,0.706,177.735,2.058,2.798,0.134,-162.646,1.99,2.279,0.197,-173.019,1.144,1.154,172.834,1.95,1.755,0.259,-179.119,2,5,1.562,0.234,0.138,1.647,1.436,no,no,no,
Bfre2m1n5d3,L. fremontii,Side,2.052,1.714,0.288,176.82,2.06,1.49,0.465,177.039,2.294,2.83,0.087,-164.055,2.144,2.288,0.318,-168.408,1.165,1.169,172.019,2.082,1.998,0.352,-170.858,2,6,1.402,0.237,0.203,1.421,1.356,no,no,no,
Bfre2m1n5r1,L. fremontii,Front,2.065,1.839,0.25,178.625,2.043,1.717,0.403,178.866,2.267,2.902,0.149,-151.02,2.109,2.402,0.278,-170.47,1.124,1.136,167.827,2.069,1.998,0.286,-176.798,2,6,1.461,0.389,0.189,1.444,1.088,no,no,no,
Bfre2m1n5r1,L. fremontii,Side,2.159,1.629,0.256,174.644,2.111,0.485,0.469,175.115,2.346,2.687,0.17,-157.068,2.19,2.191,0.305,-167.593,1.127,1.145,166.665,2.156,1.995,0.305,-172.504,2,4,1.459,0.276,0.176,1.466,1.101,no,no,no,
Bfre2m1n5r2,L. fremontii,Front,2.115,1.468,0.258,-169.735,1.972,0.954,0.941,-169.739,2.009,2.561,0.185,-16.285,2.118,2.058,0.245,-6.546,1.172,1.172,169.776,2.108,1.565,0.289,-173.66,4,7,1.399,0.252,0.178,1.454,0.561,no,no,no,
Bfre2m1n5r2,L. fremontii,Side,1.905,1.698,0.292,-177.236,1.795,0.633,0.776,-177.33,1.68,2.824,0.164,-26.878,1.859,2.285,0.351,-13.241,1.183,1.19,167.712,1.888,2.09,0.344,172.626,4,6,1.416,0.237,0.145,1.473,0.918,no,no,no,
Bfre2m1n5r3,L. fremontii,Front,1.918,1.687,0.25,-173.558,1.922,0.273,0.749,-174.472,2.004,2.717,0.176,180,1.986,2.248,0.306,-174.738,1.114,1.112,173.067,1.95,1.892,0.355,-174.161,4,4,1.477,0.256,0.179,1.46,1.048,no,no,no,
Bfre2m1n5r3,L. fremontii,Side,2.071,1.591,0.237,-174.193,2.043,1.489,0.362,-173.66,1.872,2.652,0.165,-27.499,2.037,2.161,0.259,-13.392,1.127,1.143,165.898,2.057,1.669,0.285,-175.972,4,6,1.335,0.252,0.198,1.308,1.091,no,no,no,
Bfre2m2n4d1,L. fremontii,Front,1.559,1.298,0.226,-179.193,1.516,1.188,0.369,-179.012,1.447,2.131,0.125,173.418,1.518,1.723,0.311,-7.052,0.873,0.879,175.724,1.533,1.607,0.317,174.806,5,3,1.191,0.168,0.161,1.209,0.789,no,no,no,
Bfre2m2n4d1,L. fremontii,Side,1.716,1.357,0.223,-178.755,1.661,1.257,0.379,-178.544,1.509,2.155,0.147,-12.665,1.625,1.781,0.292,-14.647,0.862,0.866,173.589,1.677,1.595,0.321,-10.972,5,4,1.198,0.181,0.116,1.22,0.871,no,no,no,
Bfre2m2n4d2,L. fremontii,Front,1.816,1.41,0.217,-179.151,1.81,1.241,0.254,-179.275,1.812,2.227,0.127,177.825,1.828,1.836,0.283,-179.349,0.848,0.842,177.376,1.818,1.531,0.302,179.39,3,6,1.134,0.186,0.146,1.136,0.912,no,no,no,
Bfre2m2n4d2,L. fremontii,Side,1.735,1.451,0.223,-171.694,1.582,1.416,0.553,-171.634,1.573,2.327,0.098,-15.422,1.682,1.907,0.265,-13.36,0.922,0.937,174.128,1.738,1.687,0.299,168.811,3,4,1.045,0.187,0.159,1.111,0.897,no,no,no,
Bfre2m2n4d3,L. fremontii,Front,1.67,1.367,0.272,-172.626,1.56,0.65,0.5,-172.694,1.57,2.256,0.081,-25.56,1.673,1.838,0.329,-9.462,0.937,0.951,165.833,1.692,1.587,0.338,-4.853,3,5,1.02,0.184,0.075,1.069,0.857,no,no,no,
Bfre2m2n4d3,L. fremontii,Side,1.415,1.389,0.233,-176.082,1.408,1.338,0.255,-175.711,1.297,2.287,0.09,-33.408,1.381,1.86,0.241,-8.344,0.938,0.94,172.582,1.419,1.559,0.274,178.002,4,5,1.075,0.15,0.094,1.077,0.429,no,no,no,
Bfre2m2n4r1,L. fremontii,Front,1.637,1.35,0.225,175.101,1.694,0.765,0.364,175.446,1.678,2.135,0.121,-176.987,1.648,1.754,0.272,-177.979,0.807,0.809,176.752,1.634,1.572,0.299,179.081,5,3,0.882,0.158,0.134,0.901,0.543,no,no,no,
Bfre2m2n4r1,L. fremontii,Side,1.662,1.229,0.211,-170.395,1.521,0.76,0.503,-170.447,1.484,2.028,0.082,-22.011,1.607,1.657,0.269,-15.616,0.853,0.859,167.298,1.663,1.409,0.302,-13.815,5,3,0.849,0.17,0.114,0.876,0.559,no,no,no,
Bfre2m2n4r2,L. fremontii,Front,2.135,1.482,0.227,166.329,2.175,1.192,0.295,166.715,2.183,2.498,0.088,-161.565,2.11,2.01,0.29,-178.025,1.05,1.061,168.156,2.116,1.71,0.304,175.861,2,3,0.782,0.119,0.072,0.781,0.677,no,no,no,
Bfre2m2n4r2,L. fremontii,Side,1.97,1.437,0.259,159.341,2.196,0.52,0.743,159.426,2.147,2.704,0.101,-155.462,1.952,2.114,0.321,-170.362,1.323,1.351,162.357,1.932,1.65,0.36,176.186,2,3,1.054,0.192,0.059,1.068,0.971,no,no,no,
Bfre2m2n4r3,L. fremontii,Front,1.867,1.216,0.227,165.379,1.82,0.913,0.343,165.446,1.771,2.206,0.14,-21.318,1.798,1.709,0.317,170.159,1.002,1.004,173.241,1.795,1.572,0.333,167.293,3,1,0.687,0.08,0.08,0.686,0.62,no,no,no,
Bfre2m2n4r3,L. fremontii,Side,1.539,1.011,0.176,162.058,1.733,0.288,0.564,162.181,1.647,1.965,0.165,-150.945,1.497,1.532,0.247,-163.443,0.985,0.999,158.206,1.486,1.107,0.275,165.155,3,0,0.687,NA,NA,0.787,0.683,no,no,no,
Bgla1m2n2d1,L. glaberrima,Front,2.401,1.355,0.279,176.82,2.454,0.442,0.396,176.655,2.559,3.436,0.219,-169.875,2.428,2.433,0.201,-174.144,2.149,2.162,174.808,2.395,1.449,0.287,178.977,NA,4,0.915,0.93,0.826,NA,NA,no,no,no,
Bgla1m2n2d1,L. glaberrima,Side,2.573,1.308,0.337,-179.119,2.604,0.491,0.433,-178.977,2.731,3.3,0.288,-155.513,2.57,2.376,0.454,-170.858,2.131,2.13,169.436,2.552,1.802,0.443,179.334,NA,7,0.881,0.892,0.768,NA,NA,no,no,no,
Bgla1m2n2d2,L. glaberrima,Front,2.491,1.434,0.392,-177.007,2.415,0.791,0.542,-177.03,2.641,3.52,0.342,-168.774,2.558,2.545,0.565,-174.289,2.225,2.241,176.893,2.514,1.761,0.579,-176.455,NA,7,1.213,1.243,0.815,NA,NA,no,no,no,
Bgla1m2n2d2,L. glaberrima,Side,2.379,1.654,0.27,-175.684,2.195,1.038,0.649,-175.705,2.554,3.823,0.198,-13.496,2.475,2.765,0.328,-176.424,2.224,2.224,178.138,2.391,1.82,0.355,-174.207,NA,6,1.217,1.223,0.821,NA,NA,no,no,no,
Bgla1m2n2d3,L. glaberrima,Front,3.419,1.902,0.495,178.807,3.416,0.68,0.639,178.768,3.354,4.617,0.365,168.584,3.409,3.323,0.64,178.152,2.867,2.875,176.743,3.438,2.718,0.705,178.882,NA,8,1.559,1.456,1.004,NA,NA,no,no,no,
Bgla1m2n2d3,L. glaberrima,Side,2.853,1.404,0.258,-176.566,2.841,0.766,0.34,-176.532,2.91,3.445,0.211,178.603,2.887,2.465,0.134,-177.797,2.098,2.098,179.121,2.869,1.47,0.231,-178.727,NA,5,1.295,1.285,0.793,NA,NA,no,no,no,
Bgla1m2n4d1,L. glaberrima,Front,2.844,1.538,0.392,-177.38,2.771,1.295,0.598,-177.052,2.868,3.348,0.364,161.565,2.892,2.538,0.508,0,2,2.016,176.212,2.879,1.782,0.544,179.459,NA,9,0.875,0.884,0.538,NA,NA,no,no,no,
Bgla1m2n4d1,L. glaberrima,Side,2.308,1.563,0.261,174.346,2.361,1.046,0.458,174.514,2.271,3.537,0.223,173.367,2.338,2.598,0.248,-3.576,2.036,2.039,174.499,2.309,1.696,0.305,177.089,NA,9,0.903,0.921,0.473,NA,NA,no,no,no,
Bgla1m2n4d2,L. glaberrima,Front,2.623,1.176,0.301,-175.156,2.602,1.046,0.349,-175.795,2.524,3.111,0.336,-6.963,2.636,2.198,0.53,-3.318,2.027,2.069,173.275,2.647,1.587,0.532,-179.449,NA,3,1.007,0.999,0.656,NA,NA,no,no,no,
Bgla1m2n4d2,L. glaberrima,Side,2.854,1.362,0.243,172.126,2.857,0.762,0.367,172.379,2.874,3.346,0.254,-174.806,2.823,2.381,0.318,178.152,2.068,2.055,175.175,2.846,1.62,0.334,174.726,NA,6,0.954,0.978,0.622,NA,NA,no,no,no,
Bgla1m2n4d3,L. glaberrima,Front,2.972,1.454,0.387,179.618,2.914,0.958,0.677,179.346,2.931,3.293,0.365,179.193,2.929,2.462,0.517,178.29,2.046,2.062,176.5,2.955,1.869,0.556,178.409,NA,9,0.782,0.788,0.432,NA,NA,no,no,no,
Bgla1m2n4d3,L. glaberrima,Side,2.821,1.205,0.335,178.678,2.802,0.709,0.669,178.464,2.979,3.052,0.223,-176.055,2.915,2.205,0.288,-175.914,2.044,2.039,179.06,2.826,1.356,0.354,-179.17,NA,9,0.715,0.762,0.42,NA,NA,no,no,no,
Cgla1m1n1d1,L. glaberrima,Front,3.444,1.929,0.262,-165.964,3.375,1.753,0.408,-165.256,3.387,3.679,0.16,165.069,3.533,2.82,0.207,177.138,1.752,1.775,163.901,3.474,2.087,0.258,-168.232,NA,5,0.797,0.79,0.514,NA,NA,no,no,no,
Cgla1m1n1d1,L. glaberrima,Side,3.231,1.406,0.3,178.409,3.22,1.027,0.436,177.797,3.072,3.096,0.262,174.472,3.156,2.275,0.585,175.101,1.801,1.789,177.591,3.156,2.275,0.585,175.101,NA,3,0.82,0.792,0.687,NA,NA,no,no,no,
Cgla1m1n1d2,L. glaberrima,Front,2.64,1.774,0.25,172.405,2.672,1.476,0.389,172.725,2.546,3.232,0.317,-177.064,2.539,2.557,0.374,176.186,1.597,1.597,171.643,2.588,2.158,0.4,173.019,NA,5,1.016,1.005,0.6,NA,NA,no,no,no,
Cgla1m1n1d2,L. glaberrima,Side,2.805,1.581,0.191,-177.51,2.811,0.798,0.273,-176.532,2.899,3.132,0.176,-164.055,2.799,2.389,0.238,-176.055,1.601,1.622,171.934,2.799,1.834,0.254,-178.152,NA,6,0.994,1.001,0.545,NA,NA,no,no,no,
Cgla1m1n1d3,L. glaberrima,Front,2.856,1.427,0.366,-177.455,2.732,0.327,0.933,-177.489,2.911,3.266,0.4,-176.496,2.867,2.413,0.63,-178.512,1.96,1.973,177.135,2.863,2.168,0.646,-178.55,NA,8,1.13,1.144,0.753,NA,NA,no,no,no,
Cgla1m1n1d3,L. glaberrima,Side,2.473,1.464,0.293,-170.272,2.448,1.086,0.375,-169.919,2.707,3.37,0.204,-175.426,2.595,2.448,0.172,-171.87,1.981,1.978,179.822,2.476,1.536,0.302,-170.538,NA,8,1.076,1.021,0.731,NA,NA,no,no,no,
Cgla2m2n1d1,L. glaberrima,Front,2.751,1.27,0.337,-178.603,2.713,0.729,0.397,-178.807,2.609,2.929,0.402,163.072,2.751,2.182,0.527,-8.13,1.797,1.791,170.464,2.767,1.955,0.532,179.119,NA,8,0.867,0.848,0.573,NA,NA,no,no,no,
Cgla2m2n1d1,L. glaberrima,Side,2.827,1.444,0.294,-168.69,2.694,0.865,0.563,-168.198,2.731,3.126,0.216,167.005,2.874,2.333,0.285,175.101,1.768,1.784,167.3,2.847,1.568,0.305,-164.476,NA,8,0.886,0.918,0.633,NA,NA,no,no,no,
Cgla2m2n1d2,L. glaberrima,Front,3.138,1.364,0.3,-178.409,3.153,0.655,0.441,-177.879,3.286,3.303,0.246,164.578,3.203,2.37,0.283,-176.634,2.046,2.055,177.969,3.135,1.444,0.316,-178.531,NA,9,0.962,0.95,0.604,NA,NA,no,no,no,
Cgla2m2n1d2,L. glaberrima,Side,2.815,1.289,0.35,180,2.81,0.505,0.467,180,2.994,3.145,0.414,-157.989,2.855,2.303,0.527,-173.758,2.027,2.068,171.258,2.828,1.874,0.558,-178.315,NA,8,1.027,1.018,0.43,NA,NA,no,no,no,
Cgla2m2n1d3,L. glaberrima,Front,2.785,1.506,0.3,-173.83,2.733,0.768,0.438,-173.541,2.806,3.286,0.202,170.538,2.838,2.422,0.345,0,1.852,1.859,175.429,2.797,1.737,0.384,-177.51,NA,8,0.972,0.95,0.6,NA,NA,no,no,no,
Cgla2m2n1d3,L. glaberrima,Side,2.419,1.231,0.311,169.287,2.512,0.331,0.498,168.69,2.473,2.939,0.392,-158.199,2.369,2.145,0.536,-179.119,1.854,1.874,167.019,2.355,1.932,0.541,179.132,NA,8,0.94,0.954,0.622,NA,NA,no,no,no,
Dcal1m2n1d1,L. californica,Front,2.755,2.23,0.248,178.091,2.859,0.461,1.103,178.303,2.789,3.47,0.209,180,2.764,2.889,0.25,-178.091,1.316,1.329,177.923,2.754,2.385,0.262,178.21,NA,4,1.801,1.899,1.509,NA,NA,no,no,no,
Dcal1m2n1d1,L. californica,Side,2.469,2.26,0.342,-173.211,2.227,0.773,1.585,-173.204,2.417,3.552,0.248,-174.472,2.481,2.944,0.381,180,1.363,1.377,172.529,2.502,2.56,0.414,-177.709,4,NA,1.651,NA,NA,1.872,1.656,no,no,no,
Dcal1m2n1d2,L. californica,Front,2.567,2.369,0.268,180,2.492,0.582,1.06,-179.556,2.458,3.576,0.217,-173.66,2.508,3.011,0.274,176.532,1.278,1.268,179.406,2.549,2.604,0.312,176.987,4,NA,1.858,NA,NA,1.891,1.758,no,no,no,
Dcal1m2n1d2,L. californica,Side,2.508,2.343,0.251,-174.472,2.505,0.59,1.016,-174.428,2.514,3.564,0.236,-172.147,2.511,2.989,0.268,-178.21,1.29,1.295,179.963,2.511,2.989,0.268,-178.21,4,NA,1.847,NA,NA,1.847,1.724,no,no,no,
Dcal1m2n1d3,L. californica,Front,2.921,2.185,0.285,-176.634,2.907,0.648,1.253,-176.634,2.823,3.6,0.237,-171.87,2.883,2.945,0.317,177.064,1.501,1.521,174.866,2.923,2.44,0.356,177.337,4,NA,1.913,NA,NA,1.993,1.031,no,no,no,
Dcal1m2n1d3,L. californica,Side,2.935,2.227,0.295,-168.69,2.615,0.511,1.349,-168.759,2.889,3.615,0.24,-162.181,2.945,2.951,0.311,180,1.449,1.444,174.798,2.956,2.525,0.389,-176.348,4,NA,2.044,NA,NA,1.947,1.848,no,no,no,
Dcal1m2n1r1,L. californica,Front,2.822,2.133,0.296,-173.66,2.913,0.481,1.76,-173.601,2.746,3.511,0.19,-170.134,2.842,2.844,0.252,176.309,1.45,1.459,169.806,2.836,2.246,0.252,-174.472,5,NA,1.892,NA,NA,1.943,1.569,no,no,no,
Dcal1m2n1r1,L. californica,Side,2.454,2.107,0.317,178.493,2.902,0.364,1.238,178.493,2.726,3.524,0.213,-162.255,2.512,2.873,0.354,-165.324,1.506,1.514,167.86,2.442,2.414,0.404,-171.87,5,NA,1.764,NA,NA,1.985,1.187,no,no,no,
Dcal1m2n1r2,L. californica,Front,2.865,2.162,0.295,178.409,2.519,1.421,1.099,178.29,2.613,3.61,0.226,175.764,2.801,2.915,0.299,-9.462,1.541,1.56,169.982,2.863,2.44,0.378,176.269,4,NA,1.795,NA,NA,1.953,1.547,no,no,no,
Dcal1m2n1r2,L. californica,Side,2.913,2.186,0.33,-178.568,2.508,0.456,1.208,-178.831,2.408,3.611,0.247,160.974,2.79,2.956,0.358,167.905,1.568,1.606,159.957,2.91,2.434,0.415,178.877,4,NA,1.871,NA,NA,1.906,1.559,no,no,no,
Dcal1m2n1r3,L. californica,Front,3.2,2.048,0.299,-175.236,2.831,1.38,1.239,-175.426,2.966,3.547,0.211,177.709,3.145,2.836,0.226,-8.427,1.575,1.573,171.454,3.219,2.197,0.296,-175.236,5,NA,1.692,NA,NA,1.879,0.458,yes,no,no,not 90 degree angle apart
Dcal1m2n1r3,L. californica,Side,3.133,2.184,0.327,-178.568,2.863,1.511,1.129,-178.755,2.573,3.546,0.199,155.556,2.924,2.924,0.33,-23.385,1.544,1.557,167.692,3.089,2.533,0.362,161.565,5,NA,1.813,NA,NA,1.991,0.48,yes,no,no,not 90 degree angle apart
Dcal1m2n3d1,L. californica,Front,1.94,1.771,0.202,-178.152,1.976,0.299,0.777,-178.107,2.026,2.866,0.156,175.236,1.981,2.346,0.163,-175.601,1.148,1.156,178.734,1.936,1.816,0.201,-176.424,4,NA,1.558,NA,NA,1.586,0.996,no,no,no,
Dcal1m2n3d1,L. californica,Side,2.34,1.655,0.268,-177.274,1.902,0.467,1.201,-177.245,2.356,2.765,0.194,-170.538,2.361,2.241,0.342,-176.76,1.17,1.172,176.881,2.364,1.983,0.369,-177.039,4,NA,1.685,NA,NA,1.515,1.447,no,no,no,
Dcal1m2n3d2,L. californica,Front,1.914,1.774,0.205,172.648,2.126,0.379,0.807,172.706,1.959,2.843,0.168,180,1.939,2.352,0.221,180,1.166,1.173,177.418,1.907,2.036,0.234,-178.452,4,NA,1.563,NA,NA,1.548,1.402,no,no,no,
Dcal1m2n3d2,L. californica,Side,1.491,1.678,0.236,175.365,1.714,0.356,0.685,175.192,1.718,2.771,0.18,-158.962,1.575,2.252,0.322,-165.141,1.168,1.184,169.428,1.524,2.051,0.333,-171.085,4,NA,1.531,NA,NA,1.556,1.396,no,no,no,
Dcal1m2n3d3,L. californica,Front,2.039,1.687,0.211,180,2.22,0.252,0.623,180,2.215,2.847,0.194,-168.311,2.117,2.301,0.261,-168.69,1.239,1.259,176.153,2.041,1.898,0.284,-172.235,4,NA,1.527,NA,NA,1.564,1.425,no,no,no,
Dcal1m2n3d3,L. californica,Side,1.841,1.693,0.25,177.064,2.124,0.201,1.017,177.12,2.107,2.848,0.196,-170.538,1.955,2.316,0.328,-167.593,1.243,1.244,175,1.895,2.1,0.356,-166.464,4,NA,1.509,NA,NA,1.635,1.232,no,no,no,
Dcal1m2n3r1,L. californica,Front,1.89,1.708,0.197,-178.152,1.831,0.365,0.688,-178.394,1.651,2.77,0.191,-32.619,1.87,2.301,0.236,173.83,1.168,1.186,159.153,1.895,1.883,0.269,180,3,NA,1.497,NA,NA,1.516,1.362,no,no,no,
Dcal1m2n3r1,L. californica,Side,1.919,1.497,0.199,172.648,2.248,0.196,0.852,172.661,2.145,2.605,0.183,-147.995,2.028,2.081,1.192,-77.905,1.193,1.208,159.245,1.915,1.547,0.206,174.644,3,NA,1.263,NA,NA,1.435,1.206,no,no,no,
Dcal1m2n3r2,L. californica,Front,1.939,1.56,0.218,180,1.846,0.147,1.329,180,1.93,2.681,0.187,-178.091,1.948,2.16,0.227,180,1.191,1.198,176.331,1.944,1.772,0.231,180,3,NA,1.486,NA,NA,1.489,1.457,no,no,no,
Dcal1m2n3r2,L. californica,Side,1.984,1.603,0.224,176.73,2.291,0.328,0.895,176.706,2.26,2.778,0.174,-164.932,2.038,2.236,0.266,-165.964,1.257,1.277,163.762,1.99,1.942,0.29,-174.92,4,NA,1.329,NA,NA,1.447,1.081,no,no,no,
Dcal1m2n3r3,L. californica,Front,1.877,1.82,0.236,-175.365,1.703,0.412,1.246,-175.285,1.987,2.758,0.194,-158.552,1.88,2.339,0.232,-173.66,1.036,1.039,166.31,1.865,1.976,0.227,-175.236,4,NA,1.584,NA,NA,1.558,1.325,no,no,no,
Dcal1m2n3r3,L. californica,Side,1.925,1.755,0.229,170.272,2.425,0.397,1.342,170.403,2.072,2.793,0.194,-160.974,1.955,2.307,0.276,-171.87,1.122,1.121,167.025,1.934,1.925,0.282,180,4,NA,1.457,NA,NA,1.669,1.347,no,no,no,
Dfre1m1n4d1,L. fremontii,Front,2.056,1.854,0.255,-176.396,1.862,0.577,0.676,-176.276,2.071,2.876,0.146,178.431,2.094,2.393,0.196,1.169,1.09,1.088,172.013,2.076,1.93,0.232,-175.564,5,3,1.518,0.192,0.152,1.596,1.107,no,no,no,
Dfre1m1n4d1,L. fremontii,Side,2.005,1.763,0.293,-178.039,2.172,0.327,1.051,-178.033,2.128,2.79,0.138,-166.373,2.009,2.316,0.28,-171.754,1.108,1.119,167.388,1.987,1.879,0.305,-177.739,5,3,1.44,0.18,0.135,1.553,1.066,no,no,no,
Dfre1m1n4d2,L. fremontii,Front,1.87,1.7,0.246,174.382,1.884,0.507,0.717,174.226,1.834,2.687,0.147,-179.226,1.858,2.236,0.253,178.182,1.063,1.071,176.956,1.87,1.964,0.293,177.647,4,7,1.345,0.184,0.105,1.337,1.188,no,no,no,
Dfre1m1n4d2,L. fremontii,Side,1.996,1.65,0.255,179.552,2.247,0.409,0.842,179.457,2.152,2.673,0.141,-163.61,2.046,2.194,0.251,-170.838,1.097,1.103,172.085,2.002,1.794,0.264,-175.668,4,5,1.274,0.199,0.146,1.359,1.153,no,no,no,
Dfre1m1n4d3,L. fremontii,Front,2.149,1.769,0.24,-173.29,1.956,0.432,0.769,-173.429,2.159,2.877,0.149,177.709,2.168,2.354,0.156,180,1.152,1.152,178.431,2.162,1.876,0.232,-178.025,4,4,1.625,0.189,0.174,1.637,1.366,no,no,no,
Dfre1m1n4d3,L. fremontii,Side,1.976,1.705,0.281,178.375,2.294,0.34,1.041,178.238,2.089,2.804,0.129,-168.341,2.008,2.3,0.254,-172.763,1.171,1.168,173.589,1.972,1.916,0.284,-176.775,4,4,1.586,0.198,0.154,1.636,1.37,no,no,no,
Dfre1m1n4r1,L. fremontii,Front,2.646,1.878,0.297,-177.039,2.504,0.747,0.907,-176.766,2.65,3.234,0.173,173.29,2.673,2.578,0.322,179.091,1.396,1.392,176.618,2.665,2.207,0.379,-176.906,3,3,1.455,0.179,0.109,1.457,0.998,no,no,no,
Dfre1m1n4r1,L. fremontii,Side,2.427,1.904,0.257,166.792,2.648,0.829,0.723,166.899,2.704,3.202,0.146,-146.31,2.445,2.61,0.279,-165.069,1.378,1.402,172.737,2.491,2.747,0.28,-161.896,3,1,1.407,0.16,0.16,1.374,1.091,no,no,no,
Dfre1m1n4r2,L. fremontii,Front,2.032,1.55,0.317,176.401,1.94,0.447,1,176.795,2.093,2.738,0.134,-173.191,2.002,2.184,0.333,-175.179,1.252,1.261,169.037,1.994,1.942,0.363,-179.37,5,1,1.268,0.088,0.088,1.278,0.854,no,no,no,
Dfre1m1n4r2,L. fremontii,Side,2.106,1.559,0.245,-163.479,1.933,0.656,0.613,-163.568,1.936,2.796,0.173,-28.034,2.098,2.214,0.262,172.117,1.295,1.306,165.638,2.098,2.214,0.262,172.117,5,2,1.317,0.153,0.123,1.294,0.649,no,no,no,
Dfre1m1n4r3,L. fremontii,Front,2.267,1.532,0.321,-175.711,2.085,0.537,0.968,-175.729,2.149,2.951,0.136,-14.444,2.295,2.263,0.361,176.186,1.456,1.466,169.475,2.303,1.903,0.401,-179.427,4,1,1.305,0.108,0.108,1.337,1.091,no,no,no,
Dfre1m1n4r3,L. fremontii,Side,1.685,1.429,0.304,166.329,1.9,0.289,0.735,166.492,1.94,2.752,0.202,-150.396,1.693,2.202,0.316,-161.565,1.49,1.514,159.861,1.631,1.691,0.328,176.511,4,1,1.288,0.149,0.149,1.378,0.986,no,no,no,
Dfre1m1n5d1,L. fremontii,Front,2.145,1.828,0.226,-172.875,2.013,0.322,0.479,-172.816,2.32,2.733,0.178,-163.179,2.189,2.315,0.232,-169.077,0.985,0.984,167.846,2.149,2.061,0.238,-171.327,4,3,1.568,0.211,0.139,1.558,1.343,no,no,no,
Dfre1m1n5d1,L. fremontii,Side,2.148,1.898,0.242,-169.061,1.948,0.373,0.61,-169.426,2.345,2.777,0.173,-166.608,2.228,2.378,0.255,-166.837,0.963,0.971,172.207,2.172,2.088,0.282,-168.132,4,3,1.647,0.219,0.203,1.575,1.377,no,no,no,
Dfre1m1n5d2,L. fremontii,Front,2.336,1.814,0.223,-163.985,2.344,2.292,0.956,-88.562,2.353,2.719,0.139,-173.387,2.386,2.289,0.228,-172.439,0.956,0.946,170.788,2.345,1.903,0.252,-169.939,4,3,1.51,0.218,0.161,1.622,1.252,no,no,no,
Dfre1m1n5d2,L. fremontii,Side,1.964,1.79,0.249,-173.558,1.8,0.766,0.948,-173.473,1.889,2.648,0.166,175.179,1.96,2.263,0.272,176.634,0.945,0.944,171.747,1.974,1.926,0.292,-176.864,4,4,1.619,0.21,0.164,1.699,1.266,no,no,no,
Dfre1m1n5d3,L. fremontii,Front,1.832,1.903,0.23,-175.486,1.825,0.785,0.293,-175.301,1.933,2.811,0.163,-156.251,1.847,2.388,0.219,-171.573,0.967,0.967,168.511,1.831,2.067,0.257,-175.533,4,2,1.625,0.227,0.219,1.636,1.184,no,no,no,
Dfre1m1n5d3,L. fremontii,Side,1.989,1.823,0.238,176.634,2.01,0.678,0.565,176.348,2.239,2.698,0.175,-154.312,2.038,2.312,0.254,-163.56,0.961,0.974,157.698,1.982,1.936,0.276,179.17,4,4,1.668,0.247,0.205,1.671,1.3,no,no,no,
Dfre1m1n5r1,L. fremontii,Front,1.857,1.677,0.248,-169.695,1.953,1.019,0.538,-169.695,2.001,2.686,0.179,-176.785,1.961,2.208,0.292,-171.314,1.092,1.091,172.69,1.913,1.923,0.31,-169.563,4,1,1.219,0.209,0.209,1.277,0.971,no,no,no,
Dfre1m1n5r1,L. fremontii,Side,2.086,1.599,0.211,177.839,2.159,0.608,0.375,177.563,2.347,2.553,0.193,24.981,2.171,2.137,0.214,-161.565,1.072,1.082,166.232,2.102,1.848,0.232,-169.17,4,2,1.207,0.218,0.184,1.246,0.624,no,no,no,
Dfre1m1n5r2,L. fremontii,Front,1.907,1.846,0.203,-178.299,1.917,0.279,0.871,-178.025,2.087,2.759,0.194,-160.821,1.957,2.34,0.215,-167.125,0.984,0.988,170.3,1.914,2.127,0.229,-171.941,4,3,1.681,0.274,0.23,1.681,1.38,no,no,no,
Dfre1m1n5r2,L. fremontii,Side,1.823,1.746,0.25,174.015,2.082,0.156,0.834,174.207,2.016,2.696,0.182,-150.333,1.846,2.259,0.274,-169.846,1.026,1.047,162.598,1.811,1.91,0.289,-176.424,4,4,1.543,0.292,0.21,1.665,1.415,no,no,no,
Dfre1m1n5r3,L. fremontii,Front,1.936,1.812,0.224,-177.955,2.062,0.644,0.997,-177.7,1.972,2.752,0.179,175.503,1.99,2.316,0.26,-176.479,0.984,0.99,173.075,1.966,2.03,0.293,-175.301,5,4,1.493,0.232,0.192,1.532,0.978,no,no,no,
Dfre1m1n5r3,L. fremontii,Side,1.711,1.706,0.224,-177.444,1.972,0.618,0.801,-177.423,2.02,2.643,0.155,-147.131,1.794,2.222,0.197,17.7,1.045,1.064,162.078,1.709,1.794,0.251,-176.338,5,2,1.537,0.191,0.168,1.536,0.903,no,no,no,
Dgla1m1n2d1,L. glaberrima,Front,3.358,1.568,0.463,-177.51,3.367,0.808,0.669,-177.397,3.305,4.241,0.467,175.03,3.405,3.003,0.648,178.182,2.919,2.921,172.831,3.374,1.967,0.695,180,NA,8,1.29,1.299,0.886,NA,NA,no,no,no,
Dgla1m1n2d1,L. glaberrima,Side,3.408,1.574,0.341,180,3.386,1.378,0.492,180,3.308,4.393,0.224,171.87,3.388,3.04,0.253,177.709,2.952,2.953,176.057,3.386,1.766,0.338,180,NA,8,1.233,1.259,0.812,NA,NA,no,no,no,
Dgla1m1n2d2,L. glaberrima,Front,4.24,1.54,0.402,175.601,4.177,0.852,0.667,175.601,4.2,3.946,0.358,176.73,4.22,2.813,0.548,177.839,2.615,2.62,176.033,4.223,1.834,0.596,179.012,NA,9,1.154,1.164,0.732,NA,NA,no,no,no,
Dgla1m1n2d2,L. glaberrima,Side,3.55,1.805,0.249,180,3.555,0.881,0.338,180,3.75,4.346,0.194,-154.799,3.613,3.101,0.246,-177.614,2.578,2.602,175.536,3.545,1.971,0.287,180,NA,6,1.089,1.096,0.701,NA,NA,no,no,no,
Dgla1m1n2d3,L. glaberrima,Front,3.35,1.497,0.457,180,3.326,1.241,0.552,180,3.124,4.381,0.429,167.619,3.256,3.028,0.673,-7.017,3.056,3.066,176.659,3.28,2.861,0.691,174.883,NA,6,1.396,1.387,1.107,NA,NA,no,no,no,
Dgla1m1n2d3,L. glaberrima,Side,3.381,1.567,0.388,-169.287,3.337,0.901,0.569,-169.509,3.585,4.605,0.258,-170.91,3.482,3.119,0.401,-174.144,3.116,3.117,177.696,3.432,2.13,0.404,-174.144,NA,7,1.398,1.405,0.875,NA,NA,no,no,no,
Dgla1m2n4d1,L. glaberrima,Front,3.787,1.837,0.393,175.486,3.83,0.857,0.689,175.732,3.636,4.207,0.454,176.186,3.673,3.135,0.587,173.991,2.659,2.639,177.418,3.724,2.275,0.628,174.382,NA,10,1.224,1.161,0.633,NA,NA,no,no,no,
Dgla1m2n4d1,L. glaberrima,Side,2.691,1.575,0.388,175.486,2.723,0.85,0.548,180,2.738,4.033,0.369,180,2.695,2.893,0.43,180,2.657,2.664,179.576,2.681,1.889,0.485,180,NA,6,1.153,1.11,0.958,NA,NA,no,no,no,
Dgla1m2n4d2,L. glaberrima,Front,3.077,1.984,0.327,176.424,3.235,0.883,0.675,176.532,3.077,3.926,0.451,-173.517,3.023,3.09,0.546,-178.939,2.199,2.2,171.484,3.031,2.605,0.592,178.025,NA,10,1.104,1.147,0.716,NA,NA,no,no,no,
Dgla1m2n4d2,L. glaberrima,Side,3.507,1.869,0.273,177.879,3.507,1.038,0.648,178.182,3.328,3.901,0.283,180,3.388,2.972,0.375,176.82,2.245,2.258,177.326,3.419,2.515,0.369,176.82,NA,6,1.107,1.035,0.724,NA,NA,no,no,no,
Dgla1m2n4d3,L. glaberrima,Front,NA,NA,NA,NA,NA,NA,NA,NA,NA,NA,NA,NA,NA,NA,NA,NA,NA,NA,NA,NA,NA,NA,NA,NA,NA,NA,NA,NA,NA,NA,NA,NA,NA,images missing
Dgla1m2n4d3,L. glaberrima,Side,NA,NA,NA,NA,NA,NA,NA,NA,NA,NA,NA,NA,NA,NA,NA,NA,NA,NA,NA,NA,NA,NA,NA,NA,NA,NA,NA,NA,NA,NA,NA,NA,NA,images missing
Ecal1m1n3d1,L. californica,Front,2.793,2.183,0.283,-169.992,2.514,1.451,0.945,-169.963,2.827,3.656,0.186,180,2.826,2.945,0.324,180,1.517,1.518,176.855,2.822,2.5,0.373,-177.51,3,NA,1.798,NA,NA,1.877,1.251,no,no,no,
Ecal1m1n3d1,L. californica,Side,3.277,2.188,0.284,180,2.852,1.633,1.257,180,3.026,3.595,0.171,157.166,3.211,2.925,0.331,-14.036,1.488,1.491,169.186,3.279,2.522,0.364,170.961,3,NA,2.041,NA,NA,2.156,1.931,no,no,no,
Ecal1m1n3d2,L. californica,Front,3.002,2.328,0.283,-178.315,3.09,0.369,0.574,-178.363,3.006,3.733,0.176,180,3.041,3.071,0.311,180,1.503,1.51,173.772,3.019,2.626,0.312,180,4,NA,1.971,NA,NA,2.038,1.176,no,no,no,
Ecal1m1n3d2,L. californica,Side,2.945,2.178,0.292,175.236,2.833,1.768,0.576,175.101,2.412,3.577,0.168,-36.87,2.738,2.932,0.384,-23.839,1.546,1.578,169.814,2.855,2.593,0.415,163.74,4,NA,1.965,NA,NA,2.031,1.314,no,no,no,
Ecal1m1n3d3,L. californica,Front,2.708,2.3,0.272,173.089,2.811,0.401,0.494,173.346,2.805,3.637,0.165,-168.111,2.746,2.997,0.241,-176.055,1.385,1.389,177.121,2.686,2.404,0.262,-178.21,4,NA,2.144,NA,NA,2.134,1.811,no,no,no,
Ecal1m1n3d3,L. californica,Side,2.549,2.328,0.299,180,2.317,0.459,1.12,180,2.64,3.62,0.196,-165.379,2.582,3.016,0.372,-176.186,1.37,1.364,176.565,2.555,2.582,0.416,-177.754,4,NA,2.12,NA,NA,2.159,1.802,no,no,no,
Ecal1m1n3r1,L. californica,Front,2.66,1.95,0.254,178.152,2.418,0.605,0.91,178.452,2.583,3.502,0.13,172.875,2.658,2.74,0.185,174.806,1.58,1.577,175.241,2.665,2.081,0.287,178.363,3,NA,1.781,NA,NA,1.805,1.732,no,no,no,
Ecal1m1n3r1,L. californica,Side,2.558,1.901,0.261,-163.301,2.204,1.91,1.023,-163.301,2.537,3.513,0.153,168.111,2.643,2.729,0.43,-4.316,1.633,1.648,169.21,2.633,2.353,0.465,-177.99,3,NA,1.718,NA,NA,1.826,1.766,no,no,no,
Ecal1m1n3r2,L. californica,Front,2.919,2.202,0.27,180,2.826,0.29,0.826,0,2.853,3.678,0.127,180,2.939,2.958,0.267,178.21,1.512,1.541,175.186,2.917,2.302,0.307,180,3,NA,2.082,NA,NA,2.075,1.599,no,no,no,
Ecal1m1n3r2,L. californica,Side,0.632,3.804,0.998,0,,,,,,,,,,,,,,,,,,,,,NA,,NA,NA,,,no,no,no,
Ecal1m1n3r3,L. californica,Front,2.728,2.297,0.307,-176.906,2.678,0.342,0.919,-176.934,2.822,3.687,0.22,-177.879,2.835,3.035,0.287,-176.73,1.487,1.483,170.431,2.802,2.699,0.304,-175.365,3,NA,2.032,NA,NA,2.047,2.036,no,no,no,
Ecal1m1n3r3,L. californica,Side,2.901,2.331,0.298,-173.83,2.516,0.615,1.064,-173.806,2.711,3.683,0.312,-18.435,2.88,3.093,0.388,-7.275,1.519,1.545,163.556,2.911,2.904,0.398,176.496,3,NA,2.001,NA,NA,2.087,2.055,no,no,no,
Ecal1m2n2d1,L. californica,Front,2.854,2.266,0.254,180,2.818,0.951,0.82,180,3,3.722,0.168,-140.906,2.878,3.039,0.189,-175.03,1.521,1.54,168.379,2.83,2.36,0.236,-178.025,4,NA,2.045,NA,NA,2.058,1.902,no,no,no,
Ecal1m2n2d1,L. californica,Side,2.71,1.996,0.293,-176.82,2.314,1.893,1.138,-177.096,2.54,3.512,0.244,162.759,2.71,2.807,0.44,-6.459,1.582,1.602,167.093,2.735,2.281,0.47,180,4,NA,1.871,NA,NA,2.039,1.777,no,no,no,
Ecal1m2n2d2,L. californica,Front,NA,NA,NA,NA,NA,NA,NA,NA,NA,NA,NA,NA,NA,NA,NA,NA,NA,NA,NA,NA,NA,NA,NA,NA,NA,NA,NA,NA,NA,NA,no,no,yes,Images missing
Ecal1m2n2d2,L. californica,Side,NA,NA,NA,NA,NA,NA,NA,NA,NA,NA,NA,NA,NA,NA,NA,NA,NA,NA,NA,NA,NA,NA,NA,NA,NA,NA,NA,NA,NA,NA,no,no,yes,Images missing
Ecal1m2n2d3,L. californica,Front,2.486,2.18,0.292,180,3.083,0.663,1.506,180,2.519,3.735,0.174,180,2.489,2.99,0.347,-178.668,1.624,1.627,177.109,2.478,2.493,0.361,-178.698,3,NA,1.913,NA,NA,1.995,1.715,no,no,no,
Ecal1m2n2d3,L. californica,Side,3.238,2.038,0.307,180,2.97,1.918,0.902,180,2.944,3.555,0.178,136.848,3.206,2.831,0.47,173.991,1.584,1.615,160.304,3.246,2.475,0.492,177.138,3,NA,1.88,NA,NA,1.995,1.75,no,no,no,
Ecal1m2n2r1,L. californica,Front,2.623,2.152,0.271,-176.532,2.641,0.793,0.62,-176.236,2.663,3.827,0.137,-176.634,0,0,1.731,177.814,1.721,1.731,177.814,2.635,2.508,0.344,-178.636,3,NA,2.106,NA,NA,2.072,1.962,no,no,no,
Ecal1m2n2r1,L. californica,Side,2.9,2.142,0.276,-169.695,2.636,1.591,0.806,-169.958,2.648,3.808,0.227,-25.641,0,0,1.786,159.219,1.753,1.789,158.2,2.928,2.656,0.488,179.029,3,NA,2.151,NA,NA,2.117,2.041,no,no,no,
Ecal1m2n2r2,L. californica,Front,2.916,2.109,0.256,-169.046,2.51,1.17,1.148,-168.93,2.895,3.681,0.158,171.027,2.931,2.932,0.191,177.51,1.657,1.659,173.207,2.936,2.199,0.266,180,3,NA,2.075,NA,NA,2.087,1.839,no,no,no,
Ecal1m2n2r2,L. californica,Side,3.391,2.044,0.254,-176.309,2.922,0.4,1.207,-176.496,3.008,3.658,0.174,-27.759,3.355,2.946,0.447,-10.491,1.642,1.674,156.903,3.393,2.706,0.429,-6.582,3,NA,1.98,NA,NA,2.225,1.87,no,no,no,
Ecal1m2n2r3,L. californica,Front,3.578,2.7,0.304,180,3.327,0.902,0.897,180,3.478,4.294,0.156,-7.125,3.585,3.541,0.346,-3.468,1.69,1.688,171.743,3.591,3.014,0.42,180,3,NA,2.015,NA,NA,2.116,1.866,no,no,no,
Ecal1m2n2r3,L. californica,Side,3.37,2.709,0.304,-166.43,2.883,1.839,1.29,-166.734,3.231,4.357,0.207,-26.565,3.429,3.585,0.444,-5.194,1.736,1.765,159.882,3.436,3.378,0.457,180,3,NA,2.026,NA,NA,2.157,1.831,no,no,no,
Egla1m1n2d1,L. glaberrima,Front,3.826,1.677,0.336,-178.21,3.75,0.613,0.497,-178.831,3.903,4.354,0.221,-177.274,3.856,3.089,0.4,180,2.837,2.832,179.189,3.849,2.195,0.422,-178.603,NA,7,1.468,1.469,0.938,NA,NA,no,no,no,
Egla1m1n2d1,L. glaberrima,Side,4.029,1.578,0.471,-176.269,3.955,0.622,0.657,-176.424,4.077,4.103,0.412,-177.207,4.042,3.034,0.605,-178.059,2.789,2.798,178.313,4.057,2.234,0.683,-179.145,NA,7,1.509,1.508,1.069,NA,NA,no,no,no,
Egla1m1n2d2,L. glaberrima,Front,3.574,1.799,0.349,178.315,3.545,0.979,0.578,178.995,3.611,4.026,0.269,177.797,3.614,3.004,0.353,-178.315,2.337,2.342,177.505,3.591,2.526,0.424,-178.636,NA,9,1.319,1.344,0.591,NA,NA,no,no,no,
Egla1m1n2d2,L. glaberrima,Side,3.327,1.769,0.307,180,3.369,1.141,0.625,180,3.402,3.883,0.232,-177.51,3.328,2.905,0.359,-178.363,2.266,2.267,176.399,3.337,3.017,0.39,-176.987,NA,7,1.288,1.332,0.702,NA,NA,no,no,no,
Egla1m1n2d3,L. glaberrima,Front,3.671,2.111,0.303,180,3.669,1.369,0.457,180,3.698,3.962,0.37,180,3.7,3.113,0.351,-178.363,2.008,2.016,177.663,3.704,3.693,0.375,180,NA,7,1.205,1.207,0.658,NA,NA,no,no,no,
Egla1m1n2d3,L. glaberrima,Side,3.461,2.047,0.261,-177.709,3.404,1.308,0.46,-177.455,3.477,3.974,0.225,180,3.464,3.052,0.254,180,2.02,2.019,179.427,3.459,2.168,0.295,-178.025,NA,6,1.127,1.128,0.339,NA,NA,no,no,no,
Egla1m1n4d1,L. glaberrima,Front,2.832,1.354,0.265,-178.21,2.835,0.677,0.338,-178.603,2.887,3.232,0.249,180,2.903,2.352,0.306,-178.452,1.999,2.003,174.375,2.846,1.594,0.357,-177.397,NA,5,0.821,0.83,0.709,NA,NA,no,no,no,
Egla1m1n4d1,L. glaberrima,Side,2.346,1.158,0.293,-171.87,2.279,0.645,0.473,-171.027,2.366,2.811,0.359,177.397,2.384,2.125,0.51,179.076,1.849,1.867,174.977,2.383,1.83,0.53,180,NA,7,1.135,1.106,0.687,NA,NA,no,no,no,
Egla1m1n4d2,L. glaberrima,Front,3.67,1.744,0.349,-178.315,3.607,0.899,0.502,-178.831,3.777,4.157,0.228,-177.397,3.736,3.003,0.259,-177.709,2.531,2.534,178.126,3.682,1.984,0.356,-178.315,NA,10,1.254,1.245,0.683,NA,NA,no,no,no,
Egla1m1n4d2,L. glaberrima,Side,2.761,1.32,0.336,174.644,2.735,0.647,0.571,174.806,2.807,3.526,0.266,180,2.802,2.498,0.362,-178.409,2.359,2.347,177.466,2.782,2.136,0.41,-178.568,NA,10,1.334,1.34,0.577,NA,NA,no,no,no,
Egla1m1n4d3,L. glaberrima,Front,3.377,1.968,0.356,-178.363,3.364,1.209,0.472,-178.755,3.461,4.16,0.215,-177.274,3.414,3.122,0.291,-177.955,2.205,2.226,177.965,3.386,2.22,0.359,-178.363,NA,8,1.171,1.162,0.676,NA,NA,no,no,no,
Egla1m1n4d3,L. glaberrima,Side,3.277,1.789,0.393,-177.064,3.218,1.365,0.583,-176.987,3.346,3.771,0.422,-178.603,3.338,2.941,0.577,-177.99,2.168,2.174,177.301,3.301,2.473,0.653,-178.21,NA,9,1.221,1.22,0.61,NA,NA,no,no,no,
Fcal1m1n5d1,L. californica,Front,1.866,1.612,0.263,-173.211,1.835,1.196,0.401,-173.204,2.189,2.627,0.129,-155.48,2.005,2.166,0.312,-162.646,1.135,1.139,171.074,1.918,1.892,0.335,-166.82,4,7,1.276,0.247,0.185,1.257,1.046,no,fre,no,actually fremontii
Fcal1m1n5d1,L. californica,Side,1.999,1.432,0.259,-179.105,1.989,1.276,0.394,-179.119,2.255,2.446,0.14,-157.891,2.096,1.995,0.31,-166.054,1.118,1.121,171.826,2.047,1.821,0.347,-169.606,4,8,1.306,0.284,0.186,1.241,1.076,no,fre,no,actually fremontii
Fcal1m1n5d2,L. californica,Front,1.96,1.597,0.252,-178.625,1.86,1.376,0.52,-178.668,2.135,2.619,0.132,-172.117,2.073,2.136,0.241,-172.342,1.09,1.092,175.482,1.997,1.747,0.287,-172.725,4,6,1.28,0.315,0.218,1.33,1.014,no,fre,no,actually fremontii
Fcal1m1n5d2,L. californica,Side,1.949,1.809,0.275,-174.5,2.056,1.226,0.522,-174.644,2.385,2.821,0.192,-149.349,2.144,2.395,0.326,-156.942,1.136,1.142,169.641,2.026,2.135,0.34,-162.32,4,4,1.399,0.264,0.223,1.344,1.027,no,fre,no,actually fremontii
Fcal1m1n5d3,L. californica,Front,2.053,1.651,0.225,175.101,2.137,0.877,0.501,174.872,2.091,2.607,0.147,-177.51,2.058,2.177,0.265,-175.914,1.049,1.052,175.819,2.036,1.817,0.295,-178.755,4,5,1.277,0.271,0.179,1.278,0.784,no,fre,no,actually fremontii
Fcal1m1n5d3,L. californica,Side,2.112,1.788,0.21,180,2.069,1.65,0.371,180,2.19,2.768,0.121,180,2.177,2.32,0.198,-178.152,1.023,1.027,174.469,2.127,1.97,0.262,-177.207,4,4,1.234,0.269,0.202,1.219,0.812,no,fre,no,actually fremontii
Fcal1m1n5r1,L. californica,Front,1.831,0.649,0.354,-176.748,1.861,0.518,0.418,-176.698,2.085,2.17,0.205,-171.552,1.911,1.444,0.394,-169.434,1.583,1.587,172.415,1.862,1.117,0.449,-171.507,1,0,0.147,0,0,0.202,0.202,no,fre,no,"actually fremontii, no pappus (natural)"
Fcal1m1n5r1,L. californica,Side,1.948,0.714,0.311,-25.241,1.994,0.56,0.417,-25.201,2.038,2.593,0.268,18.843,1.797,1.705,0.436,4.764,1.955,2.001,155.899,1.794,1.269,0.459,179.246,3,0,0.245,0,0,0.223,0.119,no,fre,no,"actually fremontii, no pappus (natural)"
Fcal1m1n5r2,L. californica,Front,1.159,0.296,0.277,-27.364,1.179,0.25,0.272,-27.378,1.127,1.503,0.107,22.443,1.003,0.925,0.25,179.256,1.247,1.281,154.147,1.042,0.574,0.313,170.668,2,0,0.218,0,0,0.177,0.072,yes,fre,no,"actually fremontii, no pappus (natural), images 180 apart"
Fcal1m1n5r2,L. californica,Side,0.967,0.401,0.177,16.566,0.943,0.349,0.256,16.308,0.999,1.401,0.112,-11.094,1.058,0.918,0.196,2.503,1.038,1.054,163.825,1.035,0.756,0.21,-174.435,2,0,0.111,0,0,0.125,0.096,yes,fre,no,"actually fremontii, no pappus (natural), images 180 apart"
Fcal1m1n5r3,L. californica,Front,1.571,0.706,0.282,-174.746,1.568,0.545,0.389,-174.763,1.609,2.002,0.162,164.995,1.66,1.38,0.292,1.582,1.349,1.359,167.181,1.636,1.044,0.328,-175.471,4,0,0.184,0,0,0.19,0.08,no,fre,no,"actually fremontii, no pappus (natural)"
Fcal1m1n5r3,L. californica,Side,1.684,0.843,0.302,152.341,1.719,0.7,0.371,152.543,1.689,2.112,0.185,-163.301,1.55,1.507,0.319,178.553,1.331,1.36,154.508,1.61,1.063,0.35,165.579,4,0,0.233,0,0,0.225,0.114,no,fre,no,"actually fremontii, no pappus (natural)"
Fcal1m2n1d1,L. californica,Front,2.537,2.259,0.29,-179.488,2.562,0.772,0.802,-179.442,2.56,3.689,0.193,177.678,2.553,2.986,0.409,-178.905,1.453,1.456,178.554,2.555,2.809,0.432,-178.965,4,0,1.953,0,0,1.996,1.687,no,no,no,
Fcal1m2n1d1,L. californica,Side,2.65,2.128,0.264,-179.444,2.615,1.946,0.385,-179.236,2.747,3.476,0.171,-176.532,2.678,2.831,0.267,-177.797,1.4,1.399,175.96,2.659,2.474,0.3,-178.531,4,0,1.857,0,0,1.85,1.717,no,no,no,
Fcal1m2n1d2,L. californica,Front,2.861,2.303,0.272,180,2.839,0.409,1.788,-179.917,2.751,3.606,0.206,177.825,2.825,2.999,0.258,177.109,1.398,1.406,176.647,2.804,3.199,0.268,176.666,5,0,2.142,0,0,2.139,1.875,no,no,no,
Fcal1m2n1d2,L. californica,Side,2.946,2.13,0.33,179.105,2.585,2.004,1.067,179.303,2.791,3.503,0.22,152.835,2.927,2.845,0.429,-6.226,1.43,1.422,168.681,2.942,2.568,0.474,178.122,5,0,1.897,0,0,2.027,1.573,no,no,no,
Fcal1m2n1d3,L. californica,Front,2.591,2.264,0.298,-176.547,2.651,0.226,0.719,-176.73,2.492,3.598,0.221,178.668,2.577,2.963,0.417,178.946,1.406,1.398,173.778,2.606,2.537,0.454,179.676,4,0,2.098,0,0,2.105,1.95,no,no,no,
Fcal1m2n1d3,L. californica,Side,2.727,2.215,0.254,-178.264,2.61,0.287,0.749,-178.431,2.668,3.518,0.177,179.17,2.724,2.912,0.269,179.454,1.385,1.385,174.883,2.721,2.681,0.272,179.459,4,0,2.151,0,0,2.149,2.066,no,no,no,
Fcal1m2n1r1,L. californica,Front,2.58,2.176,0.284,-167.471,2.518,1.946,0.483,-167.735,2.868,3.488,0.232,-163.179,2.708,2.897,0.367,-167.905,1.487,1.493,176.113,2.662,2.655,0.398,-168.111,3,0,2.06,0,0,1.998,1.293,no,no,no,
Fcal1m2n1r1,L. californica,Side,2.14,2.096,0.296,-177.013,2.613,0.726,1.248,-176.938,2.676,3.465,0.286,-150.446,2.321,2.877,0.403,-158.334,1.581,1.523,162.496,2.208,2.554,0.427,-163.96,3,0,2.026,0,0,1.985,1.871,no,no,no,
Fcal1m2n1r2,L. californica,Front,2.514,2.173,0.29,-177.466,2.9,1.279,1.889,-177.666,2.613,3.531,0.185,-176.82,2.572,2.9,0.38,-176.906,1.456,1.463,179.184,2.559,2.701,0.41,-177.852,4,0,1.573,0,0,1.807,0.722,no,no,no,
Fcal1m2n1r2,L. californica,Side,3.242,2.069,0.268,-166.097,2.883,1.199,1.008,-166.283,2.885,3.415,0.215,-31.43,3.177,2.813,0.267,167.712,1.477,1.499,159.691,3.247,2.291,0.303,179.029,4,0,1.611,0,0,1.754,0.654,no,no,no,cant measure 2 awns
Fcal1m2n1r3,L. californica,Front,2.417,2.049,0.261,-173.224,2.392,0.628,2.303,-173.223,2.442,3.451,0.196,177.739,2.509,2.784,0.218,3.366,1.48,1.488,168.115,2.431,2.179,0.248,-172.875,NA,NA,1.679,NA,NA,NA,NA,no,no,no,some traits not measured for time constraints
Fcal1m2n1r3,L. californica,Side,2.511,2.157,0.274,171.87,2.717,0.257,1.813,171.686,2.702,3.515,0.238,-158.429,2.516,2.909,0.374,-168.921,1.471,1.487,164.506,2.479,2.566,0.389,-177.739,NA,NA,1.808,NA,NA,NA,NA,no,no,no,some traits not measured for time constraints
Ffre1m1n4d1,L. fremontii,Front,2.038,1.679,0.237,178.452,2.065,0.668,0.75,178.042,1.911,2.534,0.138,166.608,2.02,2.123,0.168,173.418,0.906,0.918,168.228,2.054,1.806,0.284,177.455,NA,NA,1.301,NA,NA,NA,NA,no,no,no,some traits not measured for time constraints
Ffre1m1n4d1,L. fremontii,Side,2.059,1.67,0.282,-174.806,2.021,0.499,1.483,-174.806,2.08,2.518,0.143,177.51,2.104,2.129,0.277,0,0.918,0.925,171.267,2.108,1.854,0.319,-176.566,NA,NA,1.293,NA,NA,NA,NA,no,no,no,some traits not measured for time constraints
Ffre1m1n4d2,L. fremontii,Front,2.248,1.918,0.25,178.531,2.305,1.202,0.577,178.091,2.268,2.825,0.157,180,2.242,2.402,0.173,180,0.959,0.968,176.193,2.245,2.009,0.251,178.531,NA,NA,1.454,NA,NA,NA,NA,no,no,no,some traits not measured for time constraints
Ffre1m1n4d2,L. fremontii,Side,2.099,1.833,0.293,178.727,2.272,0.479,0.765,178.556,2.256,2.732,0.148,-157.751,2.139,2.349,0.299,-168.69,0.986,0.994,164.572,2.097,2.043,0.331,-176.698,NA,NA,1.368,NA,NA,NA,NA,no,no,no,some traits not measured for time constraints
Ffre1m1n4d3,L. fremontii,Front,2.186,1.767,0.271,178.636,2.245,1.267,0.658,178.332,2.32,2.672,0.122,-167.471,2.219,2.241,0.238,-175.365,0.965,0.971,170.662,2.18,1.925,0.28,-178.698,NA,NA,1.457,NA,NA,NA,NA,no,no,no,some traits not measured for time constraints
Ffre1m1n4d3,L. fremontii,Side,2.269,1.75,0.277,176.1,2.525,1.082,0.907,176.373,2.333,2.639,0.175,2.045,2.281,2.252,0.244,-175.486,0.947,0.952,175.262,2.262,1.876,0.282,180,NA,NA,1.439,NA,NA,NA,NA,no,no,no,some traits not measured for time constraints
Ffre1m1n4r1,L. fremontii,Front,2.172,1.693,0.248,180,1.992,0.581,0.741,180,2.225,2.648,0.186,-178.025,2.166,2.19,0.257,-178.568,1.049,1.06,173.13,2.162,1.827,0.28,180,NA,NA,1.207,NA,NA,NA,NA,no,no,no,some traits not measured for time constraints
Ffre1m1n4r1,L. fremontii,Side,1.954,1.406,0.255,-172.018,1.91,0.532,0.983,-171.811,1.898,2.226,0.136,-19.369,2.019,1.834,0.254,178.881,0.839,0.875,152.003,1.985,1.502,0.3,-175.249,NA,NA,1.01,NA,NA,NA,NA,no,no,no,some traits not measured for time constraints
Ffre1m1n4r2,L. fremontii,Front,1.951,1.196,0.268,177.839,1.773,0.188,0.667,177.797,1.829,2.166,0.152,170.218,1.926,1.721,0.228,-9.039,1.055,1.041,170.545,1.961,1.3,0.289,175.986,NA,NA,1.092,NA,NA,NA,NA,no,no,no,some traits not measured for time constraints
Ffre1m1n4r2,L. fremontii,Side,1.781,1.295,0.261,176.634,1.638,0.302,0.626,176.716,1.725,2.299,0.143,180,1.725,1.841,0.244,177.563,1.056,1.067,175.601,1.767,1.434,0.291,176.987,NA,NA,1.053,NA,NA,NA,NA,no,no,no,some traits not measured for time constraints
Ffre1m1n4r3,L. fremontii,Front,1.918,1.728,0.25,-178.531,1.951,0.901,0.79,-178.603,1.845,2.712,0.156,180,1.897,2.236,0.277,178.668,1.048,1.053,175.134,1.912,1.92,0.316,178.831,NA,NA,1.293,NA,NA,NA,NA,no,no,no,some traits not measured for time constraints
Ffre1m1n4r3,L. fremontii,Side,1.766,1.526,0.264,180,1.846,1.407,0.452,180,1.946,2.492,0.145,-145.62,1.79,2.08,0.274,-170.538,1.031,1.047,163.299,1.762,1.812,0.309,-178.807,NA,NA,1.335,NA,NA,NA,NA,no,no,no,some traits not measured for time constraints
Ffre1m2n3d1,L. fremontii,Front,2.223,1.663,0.263,-175.815,2.177,1.551,0.392,-176.248,2.064,2.592,0.181,167.905,2.15,2.165,0.292,169.919,0.96,0.962,177.259,2.212,1.773,0.33,176.698,NA,NA,1.453,NA,NA,NA,NA,no,no,no,some traits not measured for time constraints
Ffre1m2n3d1,L. fremontii,Side,1.963,1.68,0.295,-170.134,1.803,1.596,0.599,-170.134,1.971,2.626,0.199,180,1.985,2.187,0.305,180,1.001,1.006,175.614,1.986,1.931,0.344,-178.939,NA,NA,1.477,NA,NA,NA,NA,no,no,no,some traits not measured for time constraints
Ffre1m2n3d2,L. fremontii,Front,2.03,1.814,0.253,180,1.983,0.47,0.743,180,2.042,2.695,0.159,-177.709,2.025,2.272,0.25,-178.531,0.924,0.923,176.84,2.021,1.892,0.307,180,NA,NA,1.594,NA,NA,NA,NA,no,no,no,some traits not measured for time constraints
Ffre1m2n3d2,L. fremontii,Side,1.951,1.792,0.321,-178.854,2.084,0.435,0.596,-178.768,2.145,2.645,0.219,-161.565,2.035,2.291,0.339,-165.7,0.925,0.927,173.076,1.963,1.952,0.388,-175.236,NA,NA,1.602,NA,NA,NA,NA,no,no,no,some traits not measured for time constraints
Ffre1m2n3d3,L. fremontii,Front,1.705,1.831,0.224,180,1.613,0.751,0.514,180,1.797,2.737,0.17,-162.897,1.727,2.313,0.248,-175.601,0.961,0.96,175.359,1.698,1.995,0.306,-178.807,NA,NA,1.607,NA,NA,NA,NA,no,no,no,some traits not measured for time constraints
Ffre1m2n3d3,L. fremontii,Side,1.849,1.819,0.285,180,1.735,0.41,0.538,180,1.637,2.731,0.187,159.677,1.766,2.315,0.334,-15.35,0.98,0.984,169.695,1.796,2.239,0.35,166.218,NA,NA,1.454,NA,NA,NA,NA,no,no,no,some traits not measured for time constraints
Ffre1m2n3r1,L. fremontii,Front,2.15,1.583,0.195,176.309,2.241,0.727,0.507,176.379,2.276,2.506,0.138,-166.608,2.171,2.086,0.206,-174.644,0.996,1.019,169.503,2.136,1.738,0.248,180,NA,NA,0.83,NA,NA,NA,NA,no,no,no,some traits not measured for time constraints
Ffre1m2n3r1,L. fremontii,Side,2.274,1.629,0.246,180,2.219,0.839,0.587,180,2.302,2.557,0.131,-174.289,2.268,2.138,0.241,-178.493,1.013,1.013,176.382,2.27,1.702,0.288,-178.727,NA,NA,0.916,NA,NA,NA,NA,no,no,no,some traits not measured for time constraints
Ffre1m2n3r2,L. fremontii,Front,1.542,1.225,0.24,-178.781,1.482,0.333,0.464,-178.727,1.459,2.151,0.144,177.955,1.511,1.719,0.256,177.709,0.998,1.014,175.91,1.536,1.399,0.305,179.029,NA,NA,1.043,NA,NA,NA,NA,no,no,no,some traits not measured for time constraints
Ffre1m2n3r2,L. fremontii,Side,1.48,1.286,0.218,167.619,1.693,1.035,0.666,167.567,1.588,2.194,0.132,-170.91,1.504,1.775,0.212,-173.047,0.992,0.989,171.818,1.476,1.36,0.232,177.455,NA,NA,0.954,NA,NA,NA,NA,no,no,no,some traits not measured for time constraints
Ffre1m2n3r3,L. fremontii,Front,1.974,1.952,0.279,180,1.998,0.523,0.914,180,2.006,2.747,0.179,-177.955,1.959,2.378,0.29,180,0.855,0.861,171.404,1.959,2.283,0.307,180,NA,NA,1.492,NA,NA,NA,NA,no,no,no,some traits not measured for time constraints
Ffre1m2n3r3,L. fremontii,Side,2.146,1.903,0.305,-178.807,1.959,0.653,0.903,-178.781,2.103,2.744,0.18,173.884,2.152,2.35,0.282,177.397,0.897,0.9,171.844,2.152,2.084,0.307,180,NA,NA,1.425,NA,NA,NA,NA,no,no,no,some traits not measured for time constraints
Gcal1m1n4d1,L. californica,Front,2.708,2.074,0.273,-173.008,2.522,1.539,0.817,-173.143,2.581,3.42,0.205,172.073,2.688,2.775,0.37,173.22,1.394,1.405,172.266,2.729,2.456,0.419,176.489,NA,NA,1.615,NA,NA,NA,NA,no,no,no,some traits not measured for time constraints
Gcal1m1n4d1,L. californica,Side,2.678,1.956,0.23,178.091,2.491,0.448,0.703,178.126,2.491,3.263,0.176,165.763,2.61,2.643,0.207,170.074,1.382,1.383,174.723,2.679,2.084,0.249,176.46,NA,NA,1.66,NA,NA,NA,NA,no,no,no,some traits not measured for time constraints
Gcal1m1n4d2,L. californica,Front,2.202,1.384,0.265,168.69,2.559,0.249,1.002,168.6,2.339,2.583,0.161,-168.551,2.222,2.018,0.43,-174.395,1.262,1.267,170.114,2.213,1.927,0.434,-174.184,NA,NA,1.255,NA,NA,NA,NA,no,no,no,some traits not measured for time constraints
Gcal1m1n4d2,L. californica,Side,2.081,1.493,0.205,-178.315,2.152,0.432,0.517,-178.434,2.024,2.645,0.138,153.812,2.127,2.098,0.2,-177.109,1.227,1.24,165.318,2.084,1.615,0.232,-178.008,NA,NA,1.216,NA,NA,NA,NA,no,no,no,some traits not measured for time constraints
Gcal1m1n4d3,L. californica,Front,2.529,1.907,0.273,-158.499,2.215,0.679,0.933,-158.578,2.571,3.276,0.21,-179.301,2.588,2.622,0.34,-178.698,1.425,1.426,174.236,2.571,2.208,0.371,-178.815,NA,NA,1.727,NA,NA,NA,NA,no,no,no,some traits not measured for time constraints
Gcal1m1n4d3,L. californica,Side,3.2,1.918,0.244,-163.474,2.838,0.847,1.006,-163.413,3.226,3.285,0.197,-178.493,3.218,2.632,0.198,179.256,1.435,1.436,178.968,3.237,2.246,0.228,180,NA,NA,1.743,NA,NA,NA,NA,no,no,no,some traits not measured for time constraints
Gcal1m1n4r1,L. californica,Front,2.524,1.995,0.227,-177.397,2.397,1.042,0.511,-177.41,2.227,3.214,0.149,152.103,2.431,2.645,0.194,-13.851,1.312,1.323,167.778,2.531,2.05,0.219,1.348,NA,NA,1.192,NA,NA,NA,NA,no,no,no,some traits not measured for time constraints
Gcal1m1n4r1,L. californica,Side,2.465,1.546,0.177,-146.768,2.159,1.186,0.913,-146.801,2.473,2.914,0.161,-24.146,2.606,2.247,0.362,0,1.409,1.429,158.066,2.596,2.04,0.388,-179.623,NA,NA,1.273,NA,NA,NA,NA,no,no,no,some traits not measured for time constraints
Gcal1m1n4r2,L. californica,Front,2.769,2.207,0.264,-170.998,2.457,0.991,1.135,-170.879,2.795,3.506,0.229,175.452,2.837,2.901,0.38,180,1.392,1.394,169.619,2.825,2.514,0.434,-176.952,NA,NA,1.608,NA,NA,NA,NA,no,no,no,some traits not measured for time constraints
Gcal1m1n4r2,L. californica,Side,2.513,2.294,0.23,-176.785,2.249,2.116,0.85,-176.878,2.433,3.567,0.166,162.962,2.532,2.961,0.273,178.929,1.321,1.326,168.615,2.538,2.62,0.279,-178.939,NA,NA,1.745,NA,NA,NA,NA,no,no,no,some traits not measured for time constraints
Gcal1m1n4r3,L. californica,Front,2.827,1.878,0.223,-172.057,2.662,1.756,0.59,-172.011,2.841,3.207,0.107,173.047,2.897,2.578,0.274,178.929,1.387,1.388,168.986,2.892,2.298,0.31,-177.161,NA,NA,1.184,NA,NA,NA,NA,no,no,no,some traits not measured for time constraints
Gcal1m1n4r3,L. californica,Side,2.684,1.849,0.194,-175.426,2.563,0.881,0.465,-175.236,2.834,3.163,0.162,-174.56,2.739,2.552,0.153,-175.156,1.416,1.417,176.043,2.68,1.943,0.216,-175.179,NA,NA,1.165,NA,NA,NA,NA,no,no,no,some traits not measured for time constraints
Gcal1m2n5d1,L. californica,Front,2.559,2.148,0.275,173.089,2.8,0.466,0.89,173.136,2.692,3.636,0.182,-177.397,2.597,2.926,0.41,-175.426,1.557,1.554,175.139,2.559,2.63,0.461,-177.99,NA,NA,1.84,NA,NA,NA,NA,no,no,no,some traits not measured for time constraints
Gcal1m2n5d1,L. californica,Side,2.764,2.027,0.261,-178.21,2.732,0.656,0.578,-178.363,2.751,3.488,0.169,180,2.766,2.785,0.238,178.025,1.516,1.525,177.536,2.783,2.285,0.295,-178.409,NA,NA,1.818,NA,NA,NA,NA,no,no,no,some traits not measured for time constraints
Gcal1m2n5d2,L. californica,Front,2.356,2.135,0.226,-178.727,2.42,1.785,0.483,-178.807,2.379,3.508,0.151,-178.091,2.385,2.848,0.184,-179.226,1.428,1.431,177.168,2.358,2.232,0.236,-178.781,NA,NA,1.841,NA,NA,NA,NA,no,no,no,some traits not measured for time constraints
Gcal1m2n5d2,L. californica,Side,2.812,2.181,0.247,-176.424,2.652,0.662,0.775,-176.376,2.616,3.608,0.176,172.349,2.738,2.926,0.355,174.165,1.506,1.509,175.779,2.805,2.477,0.387,176.947,NA,NA,1.854,NA,NA,NA,NA,no,no,no,some traits not measured for time constraints
Gcal1m2n5d3,L. californica,Front,2.551,2.109,0.24,180,2.738,0.554,0.749,180,2.673,3.538,0.149,-179.012,2.623,2.858,0.218,-175.962,1.509,1.511,177.979,2.562,2.284,0.281,-176.359,NA,NA,1.684,NA,NA,NA,NA,no,no,no,some traits not measured for time constraints
Gcal1m2n5d3,L. californica,Side,2.267,2.162,0.272,178.379,2.442,0.658,0.608,178.308,2.499,3.576,0.181,-169.33,2.364,2.899,0.376,-169.38,1.494,1.49,176.464,2.292,2.559,0.405,-171.254,NA,NA,1.67,NA,NA,NA,NA,no,no,no,some traits not measured for time constraints
Gcal1m2n5r1,L. californica,Front,2.67,2.039,0.259,-170.819,2.396,0.735,0.813,-170.538,2.797,3.497,0.114,180,2.794,2.758,0.241,4.917,1.474,1.487,170.07,2.72,2.24,0.29,-169.786,NA,NA,1.597,NA,NA,NA,NA,no,no,no,some traits not measured for time constraints
Gcal1m2n5r1,L. californica,Side,2.087,2.076,0.222,178.025,2.355,0.529,0.759,178.065,2.378,3.502,0.168,-153.435,2.114,2.847,0.375,-167.3,1.504,1.534,160.441,2.065,2.31,0.408,179.279,NA,NA,1.548,NA,NA,NA,NA,no,no,no,some traits not measured for time constraints
Gcal1m2n5r2,L. californica,Front,2.302,2.117,0.227,176.785,2.454,0.455,0.552,176.835,2.546,3.555,0.155,-168.69,2.354,2.873,0.22,-169.992,1.518,1.528,168.503,2.3,2.19,0.237,177.563,NA,NA,1.659,NA,NA,NA,NA,no,no,no,some traits not measured for time constraints
Gcal1m2n5r2,L. californica,Side,2.726,1.972,0.252,-169.38,2.421,0.789,0.911,-169.33,2.828,3.466,0.155,179.045,2.83,2.737,0.342,-177.397,1.547,1.543,172.278,2.801,2.374,0.398,-176.285,NA,NA,1.751,NA,NA,NA,NA,no,no,no,some traits not measured for time constraints
Gcal1m2n5r3,L. californica,Front,2.509,2.111,0.198,178.512,2.555,1.302,0.369,178.409,2.475,3.512,0.164,179.105,2.519,2.833,0.232,180,1.438,1.443,175.316,2.497,2.335,0.277,-179.469,NA,NA,1.7,NA,NA,NA,NA,yes,no,no,"same angle, some traits not measured for time constraints"
Gcal1m2n5r3,L. californica,Side,2.497,2.119,0.207,179.293,2.529,0.509,0.347,179.157,2.459,3.5,0.157,179.061,2.502,2.829,0.235,179.384,1.415,1.418,175.046,2.487,2.379,0.278,-179.474,NA,NA,1.703,NA,NA,NA,NA,yes,no,no,"same angle, some traits not measured for time constraints"
Gfre1m1n1d1,L. fremontii,Front,2.676,2.207,0.241,-178.091,2.546,2.122,0.551,-178.315,2.712,3.437,0.165,180,2.705,2.853,0.26,-178.21,1.276,1.281,177.057,2.716,2.723,0.258,-178.21,NA,NA,1.773,NA,NA,NA,NA,no,cal,no,"actually cal, some traits not measured for time constraints"
Gfre1m1n1d1,L. fremontii,Side,2.883,2.122,0.173,174.56,2.706,1.67,0.55,174.883,2.687,3.552,0.158,176.987,2.822,2.863,0.316,-6.009,1.488,1.501,173.651,2.808,2.928,0.32,174.144,NA,NA,1.578,NA,NA,NA,NA,no,cal,no,"actually cal, some traits not measured for time constraints"
Gfre1m1n1d2,L. fremontii,Front,2.724,2.265,0.244,176.186,2.669,1.496,0.684,176.594,2.832,3.503,0.166,-165.964,2.731,2.929,0.203,-175.426,1.322,1.326,172.865,2.71,2.333,0.218,177.797,NA,NA,1.759,NA,NA,NA,NA,no,cal,no,"actually cal, some traits not measured for time constraints"
Gfre1m1n1d2,L. fremontii,Side,3.143,1.977,0.272,178.315,2.721,0.641,1.65,178.315,2.881,3.282,0.209,164.358,3.045,2.686,0.364,-11.56,1.418,1.426,171.812,3.073,2.564,0.367,169.919,NA,NA,1.613,NA,NA,NA,NA,no,cal,no,"actually cal, some traits not measured for time constraints"
Gfre1m1n1d3,L. fremontii,Front,3.032,2.202,0.252,-176.309,3.101,1.97,0.546,-176.532,3.106,3.444,0.168,180,3.079,2.845,0.305,-178.452,1.289,1.296,177.116,3.067,2.552,0.319,-178.531,NA,NA,1.504,NA,NA,NA,NA,no,cal,no,"actually cal, some traits not measured for time constraints"
Gfre1m1n1d3,L. fremontii,Side,2.69,2.14,0.266,-174.806,2.419,0.898,0.854,-175.054,2.682,3.38,0.2,180,2.712,2.793,0.303,180,1.309,1.319,174.32,2.723,2.453,0.335,178.603,NA,NA,1.455,NA,NA,NA,NA,no,cal,no,"actually cal, some traits not measured for time constraints"
Gfre1m1n1r1,L. fremontii,Front,2.521,2.297,0.215,180,2.569,0.694,1.098,180,2.651,3.541,0.225,-169.509,2.569,2.965,0.225,-175.764,1.345,1.37,178.169,2.536,2.804,0.256,-176.309,NA,NA,1.831,NA,NA,NA,NA,no,cal,no,"actually cal, some traits not measured for time constraints"
Gfre1m1n1r1,L. fremontii,Side,2.473,2.177,0.37,178.727,2.79,0.536,1.006,179.061,2.59,3.527,0.184,-169.695,2.475,2.88,0.355,-177.337,1.422,1.43,171.043,2.456,2.454,0.453,180,NA,NA,1.629,NA,NA,NA,NA,no,cal,no,"actually cal, some traits not measured for time constraints"
Gfre1m1n1r2,L. fremontii,Front,2.482,2.136,0.262,-176.424,2.557,0.997,0.781,180,2.529,3.313,0.183,180,2.534,2.773,0.303,-176.906,1.284,1.294,174.872,2.516,2.411,0.347,-176.009,NA,NA,1.805,NA,NA,NA,NA,no,cal,no,"actually cal, some traits not measured for time constraints"
Gfre1m1n1r2,L. fremontii,Side,2.58,2.111,0.204,-175.426,2.329,0.379,0.716,-175.4,2.437,3.276,0.256,-30.651,2.621,2.76,0.212,177.797,1.283,1.313,157.724,2.482,3.157,0.268,-27.35,NA,NA,1.802,NA,NA,NA,NA,no,cal,no,"actually cal, some traits not measured for time constraints"
Gfre1m1n1r3,L. fremontii,Front,2.795,2.19,0.215,180,2.667,1.121,0.582,180,2.999,3.35,0.264,-172.875,2.841,2.841,0.235,-174.094,1.312,1.336,169.671,3.014,3.402,0.251,-174.289,NA,NA,1.731,NA,NA,NA,NA,no,cal,no,"actually cal, some traits not measured for time constraints"
Gfre1m1n1r3,L. fremontii,Side,2.637,2.002,0.249,-164.578,2.536,0.833,1.365,-164.805,2.758,3.299,0.177,177.397,2.735,2.686,0.324,-172.694,1.386,1.402,173.302,2.705,2.462,0.353,-172.057,NA,NA,1.737,NA,NA,NA,NA,no,cal,no,"actually cal, some traits not measured for time constraints"
Gfre1m2n4d1,L. fremontii,Front,3.528,2.881,0.243,-167.735,3.511,1.112,0.393,-168.111,3.688,4.24,0.155,-176.186,3.624,3.575,0.184,-176.82,1.408,1.418,175.71,3.558,2.97,0.217,-169.216,NA,NA,2.305,NA,NA,NA,NA,no,cal,no,"actually cal, some traits not measured for time constraints"
Gfre1m2n4d1,L. fremontii,Side,3.23,3.072,0.279,-175.764,3.37,1.085,1.487,-175.662,2.971,4.424,0.212,168.69,3.123,3.783,0.385,-12.2,1.449,1.456,172.906,3.172,3.615,0.416,172.875,NA,NA,2.246,NA,NA,NA,NA,no,cal,no,"actually cal, some traits not measured for time constraints"
Gfre1m2n4d2,L. fremontii,Front,3.203,2.71,0.265,180,2.763,0.781,1.383,180,3.175,4.108,0.167,180,3.182,3.434,0.344,180,1.454,1.459,179.989,3.182,3.311,0.371,180,NA,NA,2.148,NA,NA,NA,NA,no,cal,no,"actually cal, some traits not measured for time constraints"
Gfre1m2n4d2,L. fremontii,Side,3.482,2.903,0.273,180,3.309,0.755,1.175,180,3.392,4.253,0.193,180,3.397,3.619,0.179,180,1.432,1.429,174.311,3.494,3.053,0.307,180,NA,NA,2.262,NA,NA,NA,NA,no,cal,no,"actually cal, some traits not measured for time constraints"
Gfre1m2n4d3,L. fremontii,Front,3.381,2.428,0.285,177.879,3.51,0.547,1.544,177.725,3.458,3.941,0.186,180,3.42,3.201,0.353,180,1.55,1.566,177.717,3.408,2.974,0.368,-178.409,NA,NA,2.012,NA,NA,NA,NA,no,cal,no,"actually cal, some traits not measured for time constraints"
Gfre1m2n4d3,L. fremontii,Side,4.188,2.537,0.298,-174.094,4.06,0.916,0.589,-174.094,3.594,3.885,0.198,-34.509,4.036,3.287,0.356,160.017,1.517,1.563,154.132,4.149,2.946,0.383,167.8,NA,NA,2.076,NA,NA,NA,NA,no,cal,no,"actually cal, some traits not measured for time constraints"
Gfre1m2n4r1,L. fremontii,Front,3.369,2.599,0.239,177.614,3.122,1.761,1.053,177.797,3.164,3.925,0.116,170.538,3.283,3.288,0.266,173.418,1.404,1.422,174.035,3.343,2.912,0.295,176.055,NA,NA,2.185,NA,NA,NA,NA,no,cal,no,"actually cal, some traits not measured for time constraints"
Gfre1m2n4r1,L. fremontii,Side,3.468,2.744,0.202,180,3.255,2.307,0.666,180,3.444,4.05,0.198,180,3.485,3.448,0.199,180,1.393,1.406,172.541,3.488,2.945,0.234,180,NA,NA,2.144,NA,NA,NA,NA,no,cal,no,"actually cal, some traits not measured for time constraints"
Gfre1m2n4r2,L. fremontii,Front,3.61,3.095,0.228,-172.235,3.411,3.036,0.629,-172.528,3.864,4.449,0.1,-167.471,3.721,3.823,0.231,-169.695,1.341,1.355,176.611,3.67,3.413,0.298,-174.094,NA,NA,2.414,NA,NA,NA,NA,no,cal,no,"actually cal, some traits not measured for time constraints"
Gfre1m2n4r2,L. fremontii,Side,3.466,2.701,0.289,-163.496,2.995,0.673,1.363,-163.586,3.406,4.03,0.182,173.66,3.483,3.404,0.429,178.636,1.389,1.399,169.895,3.486,3.214,0.452,180,NA,NA,2.362,NA,NA,NA,NA,no,cal,no,"actually cal, some traits not measured for time constraints"
Gfre1m2n4r3,L. fremontii,Front,3.378,3.051,0.246,-175.236,3.291,2.679,0.556,-175.84,3.325,4.155,0.164,176.424,3.367,3.635,0.28,177.955,1.174,1.178,175.156,3.395,3.314,0.304,178.091,NA,NA,2.173,NA,NA,NA,NA,no,cal,no,"actually cal, some traits not measured for time constraints"
Gfre1m2n4r3,L. fremontii,Side,3.002,3.089,0.237,170.134,3.048,0.997,1.714,170.032,3.246,4.2,0.192,-152.103,3.087,3.714,0.243,-165.379,1.246,1.252,170.255,2.99,3.296,0.256,-175.426,NA,NA,2.138,NA,NA,NA,NA,no,cal,no,"actually cal, some traits not measured for time constraints"
Ggla1m1n4d1,L. glaberrima,Front,2.599,1.579,0.362,179.594,2.571,0.98,0.508,-179.421,2.638,3.387,0.388,-178.862,2.606,2.607,0.516,-179.149,1.946,1.947,177.597,2.597,2.362,0.544,-179.459,NA,NA,1.126,NA,NA,NA,NA,no,no,no,some traits not measured for time constraints
Ggla1m1n4d1,L. glaberrima,Side,2.87,1.387,0.246,178.21,2.901,1.124,0.408,178.21,2.907,3.289,0.197,-177.026,2.855,2.375,0.263,-179.444,1.975,1.979,176.003,2.851,1.592,0.341,178.708,NA,NA,1.118,NA,NA,NA,NA,no,no,no,some traits not measured for time constraints
Ggla1m1n4d2,L. glaberrima,Front,2.725,1.426,0.264,180,2.741,1.088,0.369,180,2.794,2.981,0.376,-178.831,2.784,2.341,0.479,-177.856,1.686,1.692,176.693,2.78,2.049,0.497,-177.934,NA,NA,1.063,NA,NA,NA,NA,no,no,no,some traits not measured for time constraints
Ggla1m1n4d2,L. glaberrima,Side,2.862,1.454,0.204,173.501,2.848,1.291,0.277,173.66,2.755,3.116,0.21,174.428,2.801,2.332,0.367,176,1.741,1.741,179.989,2.809,1.998,0.378,176.135,NA,NA,1.022,NA,NA,NA,NA,no,no,no,some traits not measured for time constraints
Ggla1m1n4d3,L. glaberrima,Front,3.026,1.58,0.373,-177.997,3.011,0.702,0.669,-177.763,2.978,3.457,0.454,179.669,3.041,2.654,0.574,179.738,1.989,1.994,175.183,3.043,2.128,0.594,178.733,NA,NA,1.16,NA,NA,NA,NA,no,no,no,some traits not measured for time constraints
Ggla1m1n4d3,L. glaberrima,Side,2.7,1.423,0.305,-179.045,2.835,0.676,0.743,-179.019,2.847,3.27,0.24,-175.135,2.758,2.435,0.296,-177.039,1.961,2.002,178.429,2.731,1.624,0.323,-177.274,NA,NA,1.111,NA,NA,NA,NA,no,no,no,some traits not measured for time constraints
Ggla1m1n5d1,L. glaberrima,Front,2.753,1.379,0.309,-174.289,2.748,1.283,0.396,-174.437,2.75,3.209,0.394,174.806,2.825,2.422,0.483,178.794,2.04,2.051,168.708,2.816,2.122,0.5,-178.831,NA,NA,1.012,NA,NA,NA,NA,no,no,no,some traits not measured for time constraints
Ggla1m1n5d1,L. glaberrima,Side,2.786,1.482,0.261,-170.352,2.741,1.139,0.411,-170.303,2.78,3.438,0.228,176.785,2.834,2.517,0.343,180,2.019,2.024,173.865,2.829,2.072,0.34,-179.566,NA,NA,1.011,NA,NA,NA,NA,no,no,no,some traits not measured for time constraints
Ggla1m1n5d2,L. glaberrima,Front,2.543,1.232,0.286,-173.32,2.473,1.124,0.51,-173.374,2.388,2.995,0.321,160.989,2.581,2.229,0.433,174.222,1.925,1.945,165.283,2.586,1.797,0.435,-179.663,NA,NA,0.974,NA,NA,NA,NA,no,no,no,some traits not measured for time constraints
Ggla1m1n5d2,L. glaberrima,Side,2.662,1.527,0.211,-177.241,2.63,0.969,0.351,-177.492,2.855,3.317,0.209,-171.573,2.725,2.478,0.249,-175.285,1.943,1.947,175.51,2.648,1.612,0.266,-176.698,NA,NA,0.969,NA,NA,NA,NA,no,no,no,some traits not measured for time constraints
Ggla1m1n5d3,L. glaberrima,Front,2.311,1.614,0.295,-173.55,2.217,0.731,0.571,-173.575,2.367,3.333,0.388,177.363,2.394,2.597,0.482,-178.788,1.916,1.916,172.211,2.388,2.325,0.487,-177.602,NA,NA,1.001,NA,NA,NA,NA,no,no,no,some traits not measured for time constraints
Ggla1m1n5d3,L. glaberrima,Side,2.666,1.528,0.237,179.384,2.669,1.019,0.537,179.452,2.669,3.401,0.212,178.62,2.681,2.51,0.181,179.193,1.96,1.962,178.203,2.659,1.624,0.251,178.831,NA,NA,0.971,NA,NA,NA,NA,no,no,no,some traits not measured for time constraints
Hcal1m1n1d1,L. californica,Front,2.799,2.176,0.309,178.493,2.803,1.555,0.46,177.99,2.659,3.435,0.201,160.821,2.795,2.825,0.339,174.428,1.309,1.325,167.471,2.815,2.496,0.386,178.807,NA,NA,1.596,NA,NA,NA,NA,no,no,no,some traits not measured for time constraints
Hcal1m1n1d1,L. californica,Side,2.849,2.013,0.271,-173.089,2.656,1.407,0.744,-173.108,2.699,3.39,0.179,177.397,2.843,2.735,0.239,170.218,1.426,1.435,167.4,2.862,2.167,0.295,-173.66,NA,NA,1.517,NA,NA,NA,NA,no,no,no,some traits not measured for time constraints
Hcal1m1n1d2,L. californica,Front,2.352,2.189,0.302,176.906,2.688,0.471,1,179.53,2.55,3.498,0.211,-161.565,2.378,2.865,0.365,-174.806,1.38,1.387,168.083,2.351,2.422,0.376,-178.755,NA,NA,1.847,NA,NA,NA,NA,no,no,no,some traits not measured for time constraints
Hcal1m1n1d2,L. californica,Side,2.14,2.086,0.272,178.264,2.403,0.373,1.021,178.625,2.52,3.467,0.174,-155.772,2.273,2.836,0.264,-162.121,1.453,1.472,167.949,2.159,2.375,0.319,-175.601,NA,NA,1.738,NA,NA,NA,NA,no,no,no,some traits not measured for time constraints
Hcal1m1n1d3,L. californica,Front,2.978,2.2,0.313,-175.486,2.742,1.147,1.005,-175.314,2.915,3.552,0.222,169.114,2.982,2.892,0.345,177.274,1.385,1.404,172.693,3.003,2.582,0.372,178.727,NA,NA,1.696,NA,NA,NA,NA,no,no,no,some traits not measured for time constraints
Hcal1m1n1d3,L. californica,Side,3.167,2.161,0.31,-176.987,3.144,0.529,0.709,-176.711,3.26,3.511,0.177,180,3.23,2.856,0.332,-177.207,1.409,1.41,177.256,3.213,2.583,0.378,-176.269,NA,NA,1.684,NA,NA,NA,NA,no,no,no,some traits not measured for time constraints
Hcal1m1n1r1,L. californica,Front,2.791,1.963,0.23,-177.955,2.921,0.573,0.778,-177.614,2.775,3.372,0.143,180,2.791,2.678,0.304,180,1.454,1.451,178.741,2.787,2.28,0.324,180,NA,NA,1.559,NA,NA,NA,NA,no,no,no,some traits not measured for time constraints
Hcal1m1n1r1,L. californica,Side,2.366,2.063,0.222,180,2.568,0.509,0.637,180,2.845,3.419,0.219,-153.435,2.485,2.805,0.37,-160.769,1.48,1.509,158.826,2.383,2.407,0.414,-172.185,NA,NA,1.574,NA,NA,NA,NA,no,no,no,some traits not measured for time constraints
Hcal1m1n1r2,L. californica,Front,2.8,1.943,0.239,174.094,3.023,0.39,0.688,173.811,3.07,3.283,0.287,-154.885,2.837,2.696,0.368,-163.179,1.473,1.488,162.877,2.794,2.475,0.393,-171.529,NA,NA,1.785,NA,NA,NA,NA,no,no,no,some traits not measured for time constraints
Hcal1m1n1r2,L. californica,Side,2.908,2.199,0.258,180,3.084,0.738,0.701,180,3.203,3.63,0.216,-160.201,2.977,2.973,0.269,-171.119,1.55,1.574,168.513,2.906,2.336,0.295,-178.409,NA,NA,1.676,NA,NA,NA,NA,no,no,no,some traits not measured for time constraints
Hcal1m1n1r3,L. californica,Front,2.58,2.14,0.239,178.025,2.596,1.107,0.587,177.614,2.722,3.416,0.211,-171.254,2.607,2.813,0.251,-176.309,1.355,1.364,172.515,2.563,2.437,0.283,-176.73,NA,NA,1.575,NA,NA,NA,NA,no,no,no,some traits not measured for time constraints
Hcal1m1n1r3,L. californica,Side,2.061,2.115,0.327,177.138,2.318,0.667,0.621,176.987,2.235,3.321,0.299,-159.075,2.072,2.793,0.387,-171.529,1.346,1.358,166.03,2.05,2.499,0.4,-177.663,NA,NA,1.61,NA,NA,NA,NA,no,no,no,some traits not measured for time constraints
Hcal1m2n3d1,L. californica,Front,2.644,1.806,0.319,177.064,2.84,0.361,0.903,176.906,2.807,3.02,0.216,-157.38,2.654,2.463,0.371,-172.405,1.308,1.316,167.033,2.626,2.266,0.386,-176.424,NA,NA,1.609,NA,NA,NA,NA,no,no,no,some traits not measured for time constraints
Hcal1m2n3d1,L. californica,Side,2.778,2.202,0.27,176.532,2.814,1.78,0.209,177.797,2.999,3.444,0.151,-154.799,2.761,2.847,0.275,6.911,1.309,1.293,159.068,2.766,2.45,0.343,178.636,NA,NA,1.657,NA,NA,NA,NA,no,no,no,some traits not measured for time constraints
Hcal1m2n3d2,L. californica,Front,2.894,2.05,0.269,176.424,2.967,0.569,0.761,176.269,3.047,3.33,0.175,-174.56,2.959,2.704,0.227,-175.914,1.324,1.324,180,2.902,2.271,0.306,-176.987,NA,NA,1.5,NA,NA,NA,NA,no,no,no,some traits not measured for time constraints
Hcal1m2n3d2,L. californica,Side,2.718,1.837,0.321,175.601,2.801,0.497,0.559,175.795,2.85,3.105,0.186,-177.51,2.766,2.486,0.37,-174.92,1.325,1.328,177.423,2.728,2.186,0.403,-176.496,NA,NA,1.477,NA,NA,NA,NA,no,no,no,some traits not measured for time constraints
Hcal1m2n3d3,L. californica,Front,2.388,2.071,0.255,-170.838,2.402,1.548,0.346,-171.674,2.476,3.36,0.176,-174.56,2.437,2.751,0.318,-175.601,1.37,1.376,177.834,2.413,2.387,0.343,-175.815,NA,NA,1.41,NA,NA,NA,NA,no,no,no,some traits not measured for time constraints
Hcal1m2n3d3,L. californica,Side,2.334,1.965,0.295,-178.409,2.466,0.904,0.626,-178.512,2.549,3.238,0.196,-167.735,2.43,2.653,0.285,-165.174,1.369,1.372,177.186,2.354,2.295,0.323,-171.254,NA,NA,1.368,NA,NA,NA,NA,no,no,no,some traits not measured for time constraints
Hcal1m2n3r1,L. californica,Front,2.613,1.797,0.249,-168.69,2.388,0.61,0.774,-168.453,2.589,3.03,0.187,180,2.648,2.454,0.331,-178.603,1.304,1.313,170.757,2.636,2.282,0.36,-178.698,NA,NA,1.493,NA,NA,NA,NA,no,no,no,some traits not measured for time constraints
Hcal1m2n3r1,L. californica,Side,2.571,2.149,0.252,162.759,3.02,0.68,1.159,162.719,2.712,3.429,0.244,-168.311,2.568,2.857,0.342,-174.56,1.411,1.429,166.759,2.539,2.418,0.373,-178.727,NA,NA,1.361,NA,NA,NA,NA,no,no,no,some traits not measured for time constraints
Hcal1m2n3r2,L. californica,Front,2.725,2.051,0.283,-175.101,2.418,0.531,1.339,-175.121,2.73,3.253,0.178,180,2.771,2.692,0.393,-178.831,1.285,1.294,170.647,2.741,2.372,0.454,-177.955,NA,NA,1.584,NA,NA,NA,NA,no,no,no,some traits not measured for time constraints
Hcal1m2n3r2,L. californica,Side,1.839,2.316,0.254,159.228,2.238,1.069,1.231,159.179,1.843,3.402,0.251,-176.309,1.791,2.898,0.247,180,1.175,1.182,171.329,1.796,2.59,0.283,178.363,NA,NA,1.568,NA,NA,NA,NA,no,no,no,some traits not measured for time constraints
Hcal1m2n3r3,L. californica,Front,2.884,2.107,0.335,-178.603,3.001,0.841,1.314,-178.577,3.02,3.654,0.151,-173.991,2.879,2.893,0.342,-177.274,1.619,1.617,169.796,2.866,2.445,0.456,-177.955,NA,NA,1.595,NA,NA,NA,NA,no,no,no,some traits not measured for time constraints
Hcal1m2n3r3,L. californica,Side,2.807,1.858,0.343,177.274,2.885,0.502,0.527,177.357,3.149,3.355,0.193,-154.537,2.876,2.668,0.351,-164.055,1.605,1.634,162.304,2.802,2.045,0.409,180,NA,NA,1.559,NA,NA,NA,NA,no,no,no,some traits not measured for time constraints
Hfre1m2n2d1,L. fremontii,Front,2.257,1.794,0.243,178.493,2.267,0.309,0.479,178.472,2.369,2.771,0.13,-171.469,2.291,2.308,0.255,-174.289,1.043,1.05,174.881,2.258,1.962,0.281,-178.698,NA,NA,1.493,NA,NA,NA,NA,no,no,no,some traits not measured for time constraints
Hfre1m2n2d1,L. fremontii,Side,1.997,1.593,0.276,-173.367,1.629,0.363,1.104,-173.367,2.007,2.522,0.184,176.055,2.028,2.13,0.274,178.668,1.024,1.034,175.052,2.033,1.867,0.29,-178.727,NA,NA,1.436,NA,NA,NA,NA,no,no,no,some traits not measured for time constraints
Hfre1m2n2d2,L. fremontii,Front,2.143,1.736,0.264,180,2.106,0.364,0.431,179.145,2.003,2.76,0.152,167.735,2.091,2.294,0.277,-9.246,1.049,1.056,173.705,2.127,1.94,0.294,176.269,NA,NA,1.538,NA,NA,NA,NA,no,no,no,some traits not measured for time constraints
Hfre1m2n2d2,L. fremontii,Side,2.269,1.682,0.276,-171.87,2.204,0.46,0.632,-171.298,2.142,2.603,0.202,165.069,2.222,2.217,0.308,170.34,1.06,1.071,172.643,2.266,1.892,0.328,174.401,NA,NA,1.575,NA,NA,NA,NA,no,no,no,some traits not measured for time constraints
Hfre1m2n2d3,L. fremontii,Front,1.848,1.743,0.253,178.568,2.007,0.362,0.758,178.544,1.865,2.711,0.182,-177.955,1.836,2.264,0.231,180,1.048,1.051,175.845,1.84,1.842,0.286,178.698,NA,NA,1.541,NA,NA,NA,NA,no,no,no,some traits not measured for time constraints
Hfre1m2n2d3,L. fremontii,Side,2.044,1.861,0.264,177.207,2.107,0.453,0.724,177.466,2.138,2.838,0.19,-172.147,2.062,2.388,0.263,-175.815,1.062,1.064,173.751,2.033,2.013,0.314,180,NA,NA,1.53,NA,NA,NA,NA,no,no,no,some traits not measured for time constraints
Hfre1m2n2r1,L. fremontii,Front,2.114,1.404,0.254,180,2.256,1.302,0.482,180,2.368,2.501,0.13,-149.534,2.162,1.985,0.305,-173.928,1.199,1.215,163.57,2.13,1.749,0.35,-178.958,NA,NA,1.015,NA,NA,NA,NA,no,no,no,"looks like a diff spp but disc seeds fine, some traits not measured for time constraints"
Hfre1m2n2r1,L. fremontii,Side,2.013,1.572,0.215,180,1.865,0.592,0.554,180,1.868,2.71,0.09,162.897,2.012,2.165,0.267,-2.726,1.195,1.211,164.914,2.013,1.806,0.317,180,NA,NA,0.989,NA,NA,NA,NA,no,no,no,"looks like a diff spp but disc seeds fine, some traits not measured for time constraints"
Hfre1m2n2r2,L. fremontii,Front,1.816,1.479,0.288,168.44,1.75,0.447,0.82,168.778,1.851,2.675,0.173,-177.879,1.796,2.092,0.314,178.831,1.253,1.251,173.612,1.804,1.737,0.343,177.839,NA,NA,0.993,NA,NA,NA,NA,no,no,no,"looks like a diff spp but disc seeds fine, some traits not measured for time constraints"
Hfre1m2n2r2,L. fremontii,Side,2.01,1.487,0.251,0,2.168,0.48,0.51,180,2.293,2.65,0.19,-154.29,2.049,2.116,0.295,-166.264,1.245,1.269,160.128,2.103,2.307,0.302,-162.719,NA,NA,1.005,NA,NA,NA,NA,no,no,no,"looks like a diff spp but disc seeds fine, some traits not measured for time constraints"
Hfre1m2n2r3,L. fremontii,Front,2.082,1.416,0.255,-174.289,1.974,0.427,0.515,-174.289,2.025,2.601,0.162,170.91,2.122,2.043,0.256,177.138,1.246,1.258,167.124,2.114,1.615,0.293,-177.51,NA,NA,1.11,NA,NA,NA,NA,no,no,no,"looks like a diff spp but disc seeds fine, some traits not measured for time constraints"
Hfre1m2n2r3,L. fremontii,Side,2.23,1.519,0.239,-161.075,1.999,0.928,0.673,-161.222,2.11,2.667,0.179,157.068,2.281,2.147,0.279,177.397,1.249,1.272,158.64,2.284,1.836,0.311,-178.831,NA,NA,1.177,NA,NA,NA,NA,no,no,no,"looks like a diff spp but disc seeds fine, some traits not measured for time constraints"
Hfre1m2n3d1,L. fremontii,Front,1.71,1.909,0.283,178.698,1.899,1.351,0.669,178.348,1.843,2.735,0.164,-162.255,1.758,2.372,0.251,-174.144,0.876,0.894,173.699,1.736,2.245,0.269,-173.211,NA,NA,1.513,NA,NA,NA,NA,no,no,no,some traits not measured for time constraints
Hfre1m2n3d1,L. fremontii,Side,1.76,1.864,0.306,176.348,2.102,0.549,1.055,176.163,1.855,2.725,0.241,-173.83,1.777,2.334,0.296,-175.03,0.951,0.956,171.78,1.756,2.055,0.317,180,NA,NA,1.29,NA,NA,NA,NA,no,no,no,some traits not measured for time constraints
Hfre1m2n3d2,L. fremontii,Front,2.122,1.784,0.319,-176.566,2.283,0.29,0.754,-176.605,2.173,2.548,0.197,-178.091,2.129,2.222,0.263,-177.207,0.796,0.804,173.814,2.117,1.855,0.309,-177.614,NA,NA,1.587,NA,NA,NA,NA,no,no,no,some traits not measured for time constraints
Hfre1m2n3d2,L. fremontii,Side,1.962,1.665,0.29,-178.755,2.129,1.341,0.685,-178.929,2.035,2.504,0.19,-174.094,1.973,2.138,0.263,-175.815,0.908,0.915,174.584,1.968,1.776,0.325,-177.709,NA,NA,1.06,NA,NA,NA,NA,no,no,no,some traits not measured for time constraints
Hfre1m2n3d3,L. fremontii,Front,1.764,1.84,0.252,171.254,1.978,0.475,0.749,171.104,1.873,2.664,0.196,-166.866,1.789,2.301,0.319,-170.91,0.928,0.934,170.057,1.769,2.186,0.344,-173.66,NA,NA,1.603,NA,NA,NA,NA,no,no,no,some traits not measured for time constraints
Hfre1m2n3d3,L. fremontii,Side,1.84,1.629,0.292,-177.51,2.057,0.116,0.852,-177.417,2.025,2.514,0.162,-170.91,1.9,2.102,0.267,-171.674,0.984,0.987,173.067,1.848,1.82,0.304,-176.348,NA,NA,1.543,NA,NA,NA,NA,no,no,no,some traits not measured for time constraints
Hfre1m2n3r1,L. fremontii,Front,1.851,1.516,0.274,178.668,1.853,1.426,0.296,178.755,1.902,2.528,0.125,-176.987,1.849,2.075,0.247,-175.601,1.115,1.117,176.069,1.837,1.619,0.335,-178.919,NA,NA,1.203,NA,NA,NA,NA,no,no,no,some traits not measured for time constraints
Hfre1m2n3r1,L. fremontii,Side,2.011,1.452,0.253,-160.641,1.991,0.926,0.317,-160.115,1.59,2.416,0.127,-36.87,1.867,2.011,0.263,-25.942,1.11,1.132,160.753,1.828,2.078,0.285,154.592,NA,NA,1.291,NA,NA,NA,NA,no,no,no,some traits not measured for time constraints
Hfre1m2n3r2,L. fremontii,Front,2.319,1.712,0.267,180,2.124,0.586,1.258,180,2.235,2.561,0.186,178.025,2.292,2.171,0.269,177.274,0.932,0.94,174.69,2.304,1.83,0.304,178.781,NA,NA,1.527,NA,NA,NA,NA,no,no,no,some traits not measured for time constraints
Hfre1m2n3r2,L. fremontii,Side,1.604,1.925,0.269,177.274,1.65,1.148,0.692,176.82,1.684,2.692,0.18,-171.87,1.617,2.373,0.3,-173.797,0.825,0.835,171.161,1.594,2.201,0.304,-176.348,NA,NA,1.448,NA,NA,NA,NA,no,no,no,some traits not measured for time constraints
Hfre1m2n3r3,L. fremontii,Front,2.206,1.599,0.23,-173.66,2.206,1.599,0.23,-173.66,2.24,2.69,0.175,177.879,2.275,2.174,0.259,1.432,1.159,1.171,169.3,2.252,1.881,0.311,-176.496,NA,NA,0.926,NA,NA,NA,NA,no,no,no,some traits not measured for time constraints
Hfre1m2n3r3,L. fremontii,Side,2.002,1.553,0.252,177.064,2.001,1.348,0.404,177.274,2.094,2.597,0.205,-178.21,2.03,2.11,0.308,-177.614,1.112,1.119,176.619,2.003,1.766,0.349,-178.958,NA,NA,0.99,NA,NA,NA,NA,no,no,no,some traits not measured for time constraints
Hgla1m2n2d1,L. glaberrima,Front,2.905,1.717,0.267,-176.424,2.855,1.561,0.39,-176.424,2.956,3.275,0.217,180,2.973,2.551,0.266,180,1.611,1.619,173.017,2.936,2.045,0.324,-177.138,NA,NA,0.998,NA,NA,NA,NA,no,no,no,some traits not measured for time constraints
Hgla1m2n2d1,L. glaberrima,Side,2.6,1.535,0.324,178.568,2.59,1.223,0.459,177.955,2.5,3.037,0.288,175.101,2.586,2.365,0.468,175.986,1.595,1.605,174.2,2.613,1.953,0.496,178.122,NA,NA,1.034,NA,NA,NA,NA,no,no,no,some traits not measured for time constraints
Hgla1m2n2d2,L. glaberrima,Front,0.955,0.691,0.108,-178.21,0.946,0.624,0.132,-178.531,1.008,1.292,0.098,-178.091,0.994,1.019,0.119,-175.236,0.631,0.633,175.139,0.986,0.962,0.123,-175.365,NA,NA,0.383,NA,NA,NA,NA,no,no,no,some traits not measured for time constraints
Hgla1m2n2d2,L. glaberrima,Side,2.598,1.916,0.291,173.48,2.605,1.189,0.395,174.053,2.607,3.392,0.201,180,2.582,2.691,0.298,180,1.555,1.558,177.588,2.615,2.28,0.328,178.568,NA,NA,0.945,NA,NA,NA,NA,no,no,no,some traits not measured for time constraints
Hgla1m2n2d3,L. glaberrima,Front,2.621,1.942,0.289,175.101,2.736,1.782,0.532,174.726,2.775,3.281,0.323,-168.111,2.671,2.731,0.399,-171.87,1.545,1.555,175.052,2.646,2.527,0.398,-175.333,NA,NA,0.878,NA,NA,NA,NA,no,no,no,some traits not measured for time constraints
Hgla1m2n2d3,L. glaberrima,Side,2.507,1.803,0.273,-178.264,2.482,1.267,0.467,-177.99,2.588,3.284,0.18,180,2.575,2.595,0.334,-177.207,1.519,1.528,175.704,2.55,2.113,0.375,-177.51,NA,NA,0.861,NA,NA,NA,NA,no,no,no,some traits not measured for time constraints
Hgla1m2n4d1,L. glaberrima,Front,3.381,1.974,0.379,178.452,3.388,1.707,0.433,178.636,3.533,4.278,0.277,-175.764,3.425,3.208,0.277,-175.764,2.47,2.475,177.192,3.379,2.082,0.365,180,NA,NA,1.243,NA,NA,NA,NA,no,no,no,some traits not measured for time constraints
Hgla1m2n4d1,L. glaberrima,Side,3.591,2.094,0.406,180,3.629,0.926,0.482,180,3.649,4.384,0.389,180,3.629,3.366,0.564,180,2.429,2.44,178.529,3.61,2.727,0.615,-179.045,NA,NA,1.23,NA,NA,NA,NA,no,no,no,some traits not measured for time constraints
Hgla1m2n4d2,L. glaberrima,Front,3.774,2.081,0.366,-178.409,3.765,1.45,0.427,-178.636,3.931,4.279,0.252,-175.236,3.83,3.256,0.318,-178.152,2.363,2.354,177.972,3.789,2.298,0.4,180,NA,NA,1.139,NA,NA,NA,NA,no,no,no,some traits not measured for time constraints
Hgla1m2n4d2,L. glaberrima,Side,3.42,2.211,0.399,172.694,3.465,1.13,0.541,173.418,3.363,4.387,0.36,180,3.391,3.4,0.519,178.877,2.299,2.306,178.462,3.386,3.12,0.543,177.839,NA,NA,1.159,NA,NA,NA,NA,no,no,no,some traits not measured for time constraints
Hgla1m2n4d3,L. glaberrima,Front,3.925,1.557,0.415,178.603,3.931,0.751,0.56,177.917,3.835,4.055,0.261,177.797,3.893,2.872,0.348,180,2.532,2.543,177.659,3.934,1.641,0.41,178.568,NA,NA,1.173,NA,NA,NA,NA,no,no,no,some traits not measured for time constraints
Hgla1m2n4d3,L. glaberrima,Side,4.057,1.569,0.424,-178.603,4.03,1.158,0.526,-178.898,3.931,3.97,0.349,176.634,3.999,2.85,0.547,177.879,2.507,2.514,178.675,4.057,1.928,0.601,178.059,NA,NA,1.21,NA,NA,NA,NA,no,no,no,some traits not measured for time constraints