Full_ID,SppID,Hub,Transect,Mom,Pin,Distance,ptcentdist,max_surveg_length_mm,surveg_mass_g,mat_mass_mg,non_na_count,n_inflor,mean_speed_1m,mean_speed_10cm,mean_prop_speed_pcnt,mean_surveg_length_cm,veg_density_g_msqr,main_stem_length_cm,tot_mat_length_cm,mean_inflor_height_cm,var_inflor_height_cm,rel_inflor_height_svheight
AcalT1M2,cal,A,1,2,1,4.6,0.8,410.024,3.64,4.01,1,1,3.802,0.24,7.35,25.86,2.734,13.08,13.08,13.08,NA,50.58
AcalT1M2,cal,A,1,2,2,7.4,10.37,410.024,3.64,4.01,1,1,3.802,0.24,7.35,25.86,2.734,13.08,13.08,13.08,NA,50.58
AcalT1M2,cal,A,1,2,3,10.8,13.64,410.024,3.64,4.01,1,1,3.802,0.24,7.35,25.86,2.734,13.08,13.08,13.08,NA,50.58
AcalT1M2,cal,A,1,2,4,7.7,4.66,410.024,3.64,4.01,1,1,3.802,0.24,7.35,25.86,2.734,13.08,13.08,13.08,NA,50.58
AcalT1M2,cal,A,1,2,5,9.05,5.9,410.024,3.64,4.01,1,1,3.802,0.24,7.35,25.86,2.734,13.08,13.08,13.08,NA,50.58
AcalT1M2,cal,A,1,2,6,8.75,5.62,410.024,3.64,4.01,1,1,3.802,0.24,7.35,25.86,2.734,13.08,13.08,13.08,NA,50.58
AcalT1M2,cal,A,1,2,7,9.2,6.04,410.024,3.64,4.01,1,1,3.802,0.24,7.35,25.86,2.734,13.08,13.08,13.08,NA,50.58
AcalT1M2,cal,A,1,2,8,7.35,4.35,410.024,3.64,4.01,1,1,3.802,0.24,7.35,25.86,2.734,13.08,13.08,13.08,NA,50.58
AcalT1M2,cal,A,1,2,9,11.2,14.03,410.024,3.64,4.01,1,1,3.802,0.24,7.35,25.86,2.734,13.08,13.08,13.08,NA,50.58
AcalT1M2,cal,A,1,2,10,11.5,14.32,410.024,3.64,4.01,1,1,3.802,0.24,7.35,25.86,2.734,13.08,13.08,13.08,NA,50.58
AcalT1M2,cal,A,1,2,11,11.4,14.22,410.024,3.64,4.01,1,1,3.802,0.24,7.35,25.86,2.734,13.08,13.08,13.08,NA,50.58
AcalT1M2,cal,A,1,2,12,11.1,13.93,410.024,3.64,4.01,1,1,3.802,0.24,7.35,25.86,2.734,13.08,13.08,13.08,NA,50.58
AcalT1M2,cal,A,1,2,13,11.05,7.81,410.024,3.64,4.01,1,1,3.802,0.24,7.35,25.86,2.734,13.08,13.08,13.08,NA,50.58
AcalT1M2,cal,A,1,2,14,9.7,6.51,410.024,3.64,4.01,1,1,3.802,0.24,7.35,25.86,2.734,13.08,13.08,13.08,NA,50.58
AcalT1M2,cal,A,1,2,15,10.1,6.07,410.024,3.64,4.01,1,1,3.802,0.24,7.35,25.86,2.734,13.08,13.08,13.08,NA,50.58
AcalT1M2,cal,A,1,2,16,11.95,8.68,410.024,3.64,4.01,1,1,3.802,0.24,7.35,25.86,2.734,13.08,13.08,13.08,NA,50.58
AcalT1M2,cal,A,1,2,17,14.45,11.12,410.024,3.64,4.01,1,1,3.802,0.24,7.35,25.86,2.734,13.08,13.08,13.08,NA,50.58
AcalT1M2,cal,A,1,2,18,11.85,7.81,410.024,3.64,4.01,1,1,3.802,0.24,7.35,25.86,2.734,13.08,13.08,13.08,NA,50.58
AcalT1M2,cal,A,1,2,19,12.6,8.56,410.024,3.64,4.01,1,1,3.802,0.24,7.35,25.86,2.734,13.08,13.08,13.08,NA,50.58
AcalT2M2,cal,A,2,2,1,1.6,0.35,333.394,2.65,7.05,1,1,3.944,0.6,14.68,18.05,2.853,13.77,13.77,13.77,NA,76.29
AcalT2M2,cal,A,2,2,2,1.6,0.95,333.394,2.65,7.05,1,1,3.944,0.6,14.68,18.05,2.853,13.77,13.77,13.77,NA,76.29
AcalT2M2,cal,A,2,2,3,2.6,1.52,333.394,2.65,7.05,1,1,3.944,0.6,14.68,18.05,2.853,13.77,13.77,13.77,NA,76.29
AcalT2M2,cal,A,2,2,4,2.6,2.79,333.394,2.65,7.05,1,1,3.944,0.6,14.68,18.05,2.853,13.77,13.77,13.77,NA,76.29
AcalT2M2,cal,A,2,2,5,2.9,4.39,333.394,2.65,7.05,1,1,3.944,0.6,14.68,18.05,2.853,13.77,13.77,13.77,NA,76.29
AcalT2M2,cal,A,2,2,6,3.2,4.85,333.394,2.65,7.05,1,1,3.944,0.6,14.68,18.05,2.853,13.77,13.77,13.77,NA,76.29
AcalT2M2,cal,A,2,2,7,3.3,4.46,333.394,2.65,7.05,1,1,3.944,0.6,14.68,18.05,2.853,13.77,13.77,13.77,NA,76.29
AcalT2M2,cal,A,2,2,8,2.5,2.73,333.394,2.65,7.05,1,1,3.944,0.6,14.68,18.05,2.853,13.77,13.77,13.77,NA,76.29
AcalT2M2,cal,A,2,2,9,2.2,1.89,333.394,2.65,7.05,1,1,3.944,0.6,14.68,18.05,2.853,13.77,13.77,13.77,NA,76.29
AcalT2M2,cal,A,2,2,10,9.3,7.97,333.394,2.65,7.05,1,1,3.944,0.6,14.68,18.05,2.853,13.77,13.77,13.77,NA,76.29
AcalT2M2,cal,A,2,2,11,11.3,9.67,333.394,2.65,7.05,1,1,3.944,0.6,14.68,18.05,2.853,13.77,13.77,13.77,NA,76.29
AcalT2M2,cal,A,2,2,12,9.8,11.45,333.394,2.65,7.05,1,1,3.944,0.6,14.68,18.05,2.853,13.77,13.77,13.77,NA,76.29
AcalT2M2,cal,A,2,2,13,7.3,5.98,333.394,2.65,7.05,1,1,3.944,0.6,14.68,18.05,2.853,13.77,13.77,13.77,NA,76.29
AcalT2M2,cal,A,2,2,14,10,8.65,333.394,2.65,7.05,1,1,3.944,0.6,14.68,18.05,2.853,13.77,13.77,13.77,NA,76.29
BcalT2M2,cal,B,2,2,1,14.2,2.87,338.683,4.27,18.85,1,1,3.662,1.432,39.37,29.52,2.81,22.3,22.3,22.3,NA,75.54
BcalT2M2,cal,B,2,2,2,15.1,2.13,338.683,4.27,18.85,1,1,3.662,1.432,39.37,29.52,2.81,22.3,22.3,22.3,NA,75.54
BcalT2M2,cal,B,2,2,3,13.75,3.27,338.683,4.27,18.85,1,1,3.662,1.432,39.37,29.52,2.81,22.3,22.3,22.3,NA,75.54
BcalT2M2,cal,B,2,2,4,14.5,2.61,338.683,4.27,18.85,1,1,3.662,1.432,39.37,29.52,2.81,22.3,22.3,22.3,NA,75.54
BcalT2M2,cal,B,2,2,5,14.3,2.78,338.683,4.27,18.85,1,1,3.662,1.432,39.37,29.52,2.81,22.3,22.3,22.3,NA,75.54
BcalT2M2,cal,B,2,2,6,14.25,2.83,338.683,4.27,18.85,1,1,3.662,1.432,39.37,29.52,2.81,22.3,22.3,22.3,NA,75.54
BcalT2M2,cal,B,2,2,7,15.5,1.84,338.683,4.27,18.85,1,1,3.662,1.432,39.37,29.52,2.81,22.3,22.3,22.3,NA,75.54
BcalT2M2,cal,B,2,2,8,17.9,1.82,338.683,4.27,18.85,1,1,3.662,1.432,39.37,29.52,2.81,22.3,22.3,22.3,NA,75.54
BcalT2M2,cal,B,2,2,9,18.35,2.14,338.683,4.27,18.85,1,1,3.662,1.432,39.37,29.52,2.81,22.3,22.3,22.3,NA,75.54
BcalT2M2,cal,B,2,2,10,16.4,1.42,338.683,4.27,18.85,1,1,3.662,1.432,39.37,29.52,2.81,22.3,22.3,22.3,NA,75.54
BcalT2M2,cal,B,2,2,11,17,1.41,338.683,4.27,18.85,1,1,3.662,1.432,39.37,29.52,2.81,22.3,22.3,22.3,NA,75.54
BcalT2M2,cal,B,2,2,12,18.75,2.46,338.683,4.27,18.85,1,1,3.662,1.432,39.37,29.52,2.81,22.3,22.3,22.3,NA,75.54
BcalT2M2,cal,B,2,2,13,15.35,5.11,338.683,4.27,18.85,1,1,3.662,1.432,39.37,29.52,2.81,22.3,22.3,22.3,NA,75.54
BcalT2M2,cal,B,2,2,14,16.4,5.09,338.683,4.27,18.85,1,1,3.662,1.432,39.37,29.52,2.81,22.3,22.3,22.3,NA,75.54
BcalT2M2,cal,B,2,2,15,18.65,5.73,338.683,4.27,18.85,1,1,3.662,1.432,39.37,29.52,2.81,22.3,22.3,22.3,NA,75.54
BcalT2M2,cal,B,2,2,16,18.85,5.83,338.683,4.27,18.85,1,1,3.662,1.432,39.37,29.52,2.81,22.3,22.3,22.3,NA,75.54
BcalT2M2,cal,B,2,2,17,21.45,4.93,338.683,4.27,18.85,1,1,3.662,1.432,39.37,29.52,2.81,22.3,22.3,22.3,NA,75.54
BcalT2M2,cal,B,2,2,18,21.6,5.08,338.683,4.27,18.85,1,1,3.662,1.432,39.37,29.52,2.81,22.3,22.3,22.3,NA,75.54
BcalT2M2,cal,B,2,2,19,20.5,4.03,338.683,4.27,18.85,1,1,3.662,1.432,39.37,29.52,2.81,22.3,22.3,22.3,NA,75.54
CcalT1M2,cal,C,1,2,1,5.2,5.39,432.157,3.89,38.5,3,3,3.416,0.59,16.84,20.26,3.731,17.19,29.41,15.85,2.35,78.23
CcalT1M2,cal,C,1,2,2,4.2,4.42,432.157,3.89,38.5,3,3,3.416,0.59,16.84,20.26,3.731,17.19,29.41,15.85,2.35,78.23
CcalT1M2,cal,C,1,2,3,5.75,5.93,432.157,3.89,38.5,3,3,3.416,0.59,16.84,20.26,3.731,17.19,29.41,15.85,2.35,78.23
CcalT1M2,cal,C,1,2,4,4.3,5.39,432.157,3.89,38.5,3,3,3.416,0.59,16.84,20.26,3.731,17.19,29.41,15.85,2.35,78.23
CcalT1M2,cal,C,1,2,5,3.55,4.38,432.157,3.89,38.5,3,3,3.416,0.59,16.84,20.26,3.731,17.19,29.41,15.85,2.35,78.23
CcalT1M2,cal,C,1,2,6,3.95,4.77,432.157,3.89,38.5,3,3,3.416,0.59,16.84,20.26,3.731,17.19,29.41,15.85,2.35,78.23
CcalT1M2,cal,C,1,2,7,4.8,5.61,432.157,3.89,38.5,3,3,3.416,0.59,16.84,20.26,3.731,17.19,29.41,15.85,2.35,78.23
CcalT1M2,cal,C,1,2,8,7.3,7.74,432.157,3.89,38.5,3,3,3.416,0.59,16.84,20.26,3.731,17.19,29.41,15.85,2.35,78.23
CcalT1M2,cal,C,1,2,9,4.25,4.33,432.157,3.89,38.5,3,3,3.416,0.59,16.84,20.26,3.731,17.19,29.41,15.85,2.35,78.23
CcalT1M2,cal,C,1,2,10,5.1,5.7,432.157,3.89,38.5,3,3,3.416,0.59,16.84,20.26,3.731,17.19,29.41,15.85,2.35,78.23
CcalT1M2,cal,C,1,2,11,4.3,4.91,432.157,3.89,38.5,3,3,3.416,0.59,16.84,20.26,3.731,17.19,29.41,15.85,2.35,78.23
CcalT1M2,cal,C,1,2,12,4.15,4.77,432.157,3.89,38.5,3,3,3.416,0.59,16.84,20.26,3.731,17.19,29.41,15.85,2.35,78.23
CcalT1M2,cal,C,1,2,13,4.15,3.38,432.157,3.89,38.5,3,3,3.416,0.59,16.84,20.26,3.731,17.19,29.41,15.85,2.35,78.23
CcalT1M2,cal,C,1,2,14,6.2,5.4,432.157,3.89,38.5,3,3,3.416,0.59,16.84,20.26,3.731,17.19,29.41,15.85,2.35,78.23
CcalT1M2,cal,C,1,2,15,7.4,6.59,432.157,3.89,38.5,3,3,3.416,0.59,16.84,20.26,3.731,17.19,29.41,15.85,2.35,78.23
CcalT1M2,cal,C,1,2,16,7.2,6.14,432.157,3.89,38.5,3,3,3.416,0.59,16.84,20.26,3.731,17.19,29.41,15.85,2.35,78.23
CcalT1M2,cal,C,1,2,17,6.8,5.74,432.157,3.89,38.5,3,3,3.416,0.59,16.84,20.26,3.731,17.19,29.41,15.85,2.35,78.23
CcalT1M2,cal,C,1,2,18,8.3,7.3,432.157,3.89,38.5,3,3,3.416,0.59,16.84,20.26,3.731,17.19,29.41,15.85,2.35,78.23
CcalT1M2,cal,C,1,2,19,9.65,8.65,432.157,3.89,38.5,3,3,3.416,0.59,16.84,20.26,3.731,17.19,29.41,15.85,2.35,78.23
CcalT1M3,cal,C,1,3,1,3.4,3.92,388.84,2.47,10.77,1,1,7.772,0.83,10.94,19.95,2.405,18.13,18.13,18.13,NA,90.88
CcalT1M3,cal,C,1,3,2,1.6,4.87,388.84,2.47,10.77,1,1,7.772,0.83,10.94,19.95,2.405,18.13,18.13,18.13,NA,90.88
CcalT1M3,cal,C,1,3,3,8.25,5.24,388.84,2.47,10.77,1,1,7.772,0.83,10.94,19.95,2.405,18.13,18.13,18.13,NA,90.88
CcalT1M3,cal,C,1,3,4,4.05,1.37,388.84,2.47,10.77,1,1,7.772,0.83,10.94,19.95,2.405,18.13,18.13,18.13,NA,90.88
CcalT1M3,cal,C,1,3,5,4,1.07,388.84,2.47,10.77,1,1,7.772,0.83,10.94,19.95,2.405,18.13,18.13,18.13,NA,90.88
CcalT1M3,cal,C,1,3,6,4.6,2.53,388.84,2.47,10.77,1,1,7.772,0.83,10.94,19.95,2.405,18.13,18.13,18.13,NA,90.88
CcalT1M3,cal,C,1,3,7,5.7,1.16,388.84,2.47,10.77,1,1,7.772,0.83,10.94,19.95,2.405,18.13,18.13,18.13,NA,90.88
CcalT1M3,cal,C,1,3,8,5.9,1.7,388.84,2.47,10.77,1,1,7.772,0.83,10.94,19.95,2.405,18.13,18.13,18.13,NA,90.88
CcalT1M3,cal,C,1,3,9,6.6,1.94,388.84,2.47,10.77,1,1,7.772,0.83,10.94,19.95,2.405,18.13,18.13,18.13,NA,90.88
CcalT1M3,cal,C,1,3,10,10,5.26,388.84,2.47,10.77,1,1,7.772,0.83,10.94,19.95,2.405,18.13,18.13,18.13,NA,90.88
CcalT2M1,cal,C,2,1,1,7.6,4.75,320.037,1.903,8.38,1,1,6.98,1.402,20.36,24.26,1.524,14.99,14.99,14.99,NA,61.79
CcalT2M1,cal,C,2,1,2,11.9,10.21,320.037,1.903,8.38,1,1,6.98,1.402,20.36,24.26,1.524,14.99,14.99,14.99,NA,61.79
CcalT2M1,cal,C,2,1,3,9.25,5.29,320.037,1.903,8.38,1,1,6.98,1.402,20.36,24.26,1.524,14.99,14.99,14.99,NA,61.79
CcalT2M1,cal,C,2,1,4,10.2,2.78,320.037,1.903,8.38,1,1,6.98,1.402,20.36,24.26,1.524,14.99,14.99,14.99,NA,61.79
CcalT2M1,cal,C,2,1,5,11.35,3.75,320.037,1.903,8.38,1,1,6.98,1.402,20.36,24.26,1.524,14.99,14.99,14.99,NA,61.79
CcalT2M1,cal,C,2,1,6,10.65,3.14,320.037,1.903,8.38,1,1,6.98,1.402,20.36,24.26,1.524,14.99,14.99,14.99,NA,61.79
CcalT2M1,cal,C,2,1,7,11.45,3.65,320.037,1.903,8.38,1,1,6.98,1.402,20.36,24.26,1.524,14.99,14.99,14.99,NA,61.79
CcalT2M1,cal,C,2,1,8,5.5,2.97,320.037,1.903,8.38,1,1,6.98,1.402,20.36,24.26,1.524,14.99,14.99,14.99,NA,61.79
CcalT2M1,cal,C,2,1,9,9.1,1.75,320.037,1.903,8.38,1,1,6.98,1.402,20.36,24.26,1.524,14.99,14.99,14.99,NA,61.79
CcalT2M1,cal,C,2,1,10,8.5,1.49,320.037,1.903,8.38,1,1,6.98,1.402,20.36,24.26,1.524,14.99,14.99,14.99,NA,61.79
CcalT2M1,cal,C,2,1,11,8.9,1.65,320.037,1.903,8.38,1,1,6.98,1.402,20.36,24.26,1.524,14.99,14.99,14.99,NA,61.79
CcalT2M1,cal,C,2,1,12,9,1.7,320.037,1.903,8.38,1,1,6.98,1.402,20.36,24.26,1.524,14.99,14.99,14.99,NA,61.79
CcalT2M1,cal,C,2,1,13,9.25,1.84,320.037,1.903,8.38,1,1,6.98,1.402,20.36,24.26,1.524,14.99,14.99,14.99,NA,61.79
CcalT2M1,cal,C,2,1,14,11.75,3.92,320.037,1.903,8.38,1,1,6.98,1.402,20.36,24.26,1.524,14.99,14.99,14.99,NA,61.79
CcalT2M1,cal,C,2,1,15,12.1,4.25,320.037,1.903,8.38,1,1,6.98,1.402,20.36,24.26,1.524,14.99,14.99,14.99,NA,61.79
CcalT2M1,cal,C,2,1,16,12.05,4.2,320.037,1.903,8.38,1,1,6.98,1.402,20.36,24.26,1.524,14.99,14.99,14.99,NA,61.79
CcalT2M1,cal,C,2,1,17,13.8,5.88,320.037,1.903,8.38,1,1,6.98,1.402,20.36,24.26,1.524,14.99,14.99,14.99,NA,61.79
CcalT2M1,cal,C,2,1,18,15.1,7.15,320.037,1.903,8.38,1,1,6.98,1.402,20.36,24.26,1.524,14.99,14.99,14.99,NA,61.79
CcalT2M1,cal,C,2,1,19,10,16.2,320.037,1.903,8.38,1,1,6.98,1.402,20.36,24.26,1.524,14.99,14.99,14.99,NA,61.79
CcalT2M1,cal,C,2,1,20,9.6,5.15,320.037,1.903,8.38,1,1,6.98,1.402,20.36,24.26,1.524,14.99,14.99,14.99,NA,61.79
CcalT2M1,cal,C,2,1,21,9.45,5.07,320.037,1.903,8.38,1,1,6.98,1.402,20.36,24.26,1.524,14.99,14.99,14.99,NA,61.79
CcalT2M1,cal,C,2,1,22,9.95,5.34,320.037,1.903,8.38,1,1,6.98,1.402,20.36,24.26,1.524,14.99,14.99,14.99,NA,61.79
CcalT2M1,cal,C,2,1,23,10.15,16.33,320.037,1.903,8.38,1,1,6.98,1.402,20.36,24.26,1.524,14.99,14.99,14.99,NA,61.79
CcalT2M1,cal,C,2,1,24,9.8,5.25,320.037,1.903,8.38,1,1,6.98,1.402,20.36,24.26,1.524,14.99,14.99,14.99,NA,61.79
DcalT1M2,cal,D,1,2,1,1,1.65,303.538,2.18,5.37,1,1,5.484,2.344,45.31,13.39,3.162,10.68,10.68,10.68,NA,79.76
DcalT1M2,cal,D,1,2,2,1.35,1.48,303.538,2.18,5.37,1,1,5.484,2.344,45.31,13.39,3.162,10.68,10.68,10.68,NA,79.76
DcalT1M2,cal,D,1,2,3,2.7,2.51,303.538,2.18,5.37,1,1,5.484,2.344,45.31,13.39,3.162,10.68,10.68,10.68,NA,79.76
DcalT1M2,cal,D,1,2,4,5.05,4.71,303.538,2.18,5.37,1,1,5.484,2.344,45.31,13.39,3.162,10.68,10.68,10.68,NA,79.76
DcalT1M2,cal,D,1,2,5,1.35,0.52,303.538,2.18,5.37,1,1,5.484,2.344,45.31,13.39,3.162,10.68,10.68,10.68,NA,79.76
DcalT1M2,cal,D,1,2,6,2.2,3.26,303.538,2.18,5.37,1,1,5.484,2.344,45.31,13.39,3.162,10.68,10.68,10.68,NA,79.76
DcalT1M2,cal,D,1,2,7,2.4,3.46,303.538,2.18,5.37,1,1,5.484,2.344,45.31,13.39,3.162,10.68,10.68,10.68,NA,79.76
DcalT1M2,cal,D,1,2,8,3.2,2.96,303.538,2.18,5.37,1,1,5.484,2.344,45.31,13.39,3.162,10.68,10.68,10.68,NA,79.76
DcalT1M2,cal,D,1,2,9,2.7,2.51,303.538,2.18,5.37,1,1,5.484,2.344,45.31,13.39,3.162,10.68,10.68,10.68,NA,79.76
DcalT1M2,cal,D,1,2,10,4.05,3.75,303.538,2.18,5.37,1,1,5.484,2.344,45.31,13.39,3.162,10.68,10.68,10.68,NA,79.76
DcalT1M2,cal,D,1,2,11,4.5,4.18,303.538,2.18,5.37,1,1,5.484,2.344,45.31,13.39,3.162,10.68,10.68,10.68,NA,79.76
DcalT1M2,cal,D,1,2,12,5.65,5.29,303.538,2.18,5.37,1,1,5.484,2.344,45.31,13.39,3.162,10.68,10.68,10.68,NA,79.76
DcalT1M2,cal,D,1,2,13,7.5,8.48,303.538,2.18,5.37,1,1,5.484,2.344,45.31,13.39,3.162,10.68,10.68,10.68,NA,79.76
DcalT1M2,cal,D,1,2,14,4.1,5.12,303.538,2.18,5.37,1,1,5.484,2.344,45.31,13.39,3.162,10.68,10.68,10.68,NA,79.76
DcalT1M2,cal,D,1,2,15,4.55,5.56,303.538,2.18,5.37,1,1,5.484,2.344,45.31,13.39,3.162,10.68,10.68,10.68,NA,79.76
DcalT1M2,cal,D,1,2,16,3.3,4.33,303.538,2.18,5.37,1,1,5.484,2.344,45.31,13.39,3.162,10.68,10.68,10.68,NA,79.76
DcalT1M2,cal,D,1,2,17,4.7,5.71,303.538,2.18,5.37,1,1,5.484,2.344,45.31,13.39,3.162,10.68,10.68,10.68,NA,79.76
DcalT1M2,cal,D,1,2,18,6.4,6.03,303.538,2.18,5.37,1,1,5.484,2.344,45.31,13.39,3.162,10.68,10.68,10.68,NA,79.76
DcalT1M2,cal,D,1,2,19,3.1,1.95,303.538,2.18,5.37,1,1,5.484,2.344,45.31,13.39,3.162,10.68,10.68,10.68,NA,79.76
DcalT1M2,cal,D,1,2,20,4,2.83,303.538,2.18,5.37,1,1,5.484,2.344,45.31,13.39,3.162,10.68,10.68,10.68,NA,79.76
DcalT1M2,cal,D,1,2,21,5.25,4.07,303.538,2.18,5.37,1,1,5.484,2.344,45.31,13.39,3.162,10.68,10.68,10.68,NA,79.76
DcalT1M2,cal,D,1,2,22,5.4,4.09,303.538,2.18,5.37,1,1,5.484,2.344,45.31,13.39,3.162,10.68,10.68,10.68,NA,79.76
DcalT1M2,cal,D,1,2,23,8.5,7.3,303.538,2.18,5.37,1,1,5.484,2.344,45.31,13.39,3.162,10.68,10.68,10.68,NA,79.76
DcalT1M2,cal,D,1,2,24,5.8,4.49,303.538,2.18,5.37,1,1,5.484,2.344,45.31,13.39,3.162,10.68,10.68,10.68,NA,79.76
DcalT1M2,cal,D,1,2,25,8.6,7.41,303.538,2.18,5.37,1,1,5.484,2.344,45.31,13.39,3.162,10.68,10.68,10.68,NA,79.76
DcalT2M1,cal,D,2,1,1,2.95,7,374.465,4.13,15.33,2,2,3.734,0.63,16.28,19.98,4.016,16.13,20.57,14.2,6.74,71.07
DcalT2M1,cal,D,2,1,2,4.9,6.56,374.465,4.13,15.33,2,2,3.734,0.63,16.28,19.98,4.016,16.13,20.57,14.2,6.74,71.07
DcalT2M1,cal,D,2,1,3,8.15,9,374.465,4.13,15.33,2,2,3.734,0.63,16.28,19.98,4.016,16.13,20.57,14.2,6.74,71.07
DcalT2M1,cal,D,2,1,4,3.75,4.55,374.465,4.13,15.33,2,2,3.734,0.63,16.28,19.98,4.016,16.13,20.57,14.2,6.74,71.07
DcalT2M1,cal,D,2,1,5,4.25,4.83,374.465,4.13,15.33,2,2,3.734,0.63,16.28,19.98,4.016,16.13,20.57,14.2,6.74,71.07
DcalT2M1,cal,D,2,1,6,4.05,4.71,374.465,4.13,15.33,2,2,3.734,0.63,16.28,19.98,4.016,16.13,20.57,14.2,6.74,71.07
DcalT2M1,cal,D,2,1,7,8.1,4.43,374.465,4.13,15.33,2,2,3.734,0.63,16.28,19.98,4.016,16.13,20.57,14.2,6.74,71.07
DcalT2M1,cal,D,2,1,8,11.15,7.38,374.465,4.13,15.33,2,2,3.734,0.63,16.28,19.98,4.016,16.13,20.57,14.2,6.74,71.07
DcalT2M1,cal,D,2,1,9,8.8,5.1,374.465,4.13,15.33,2,2,3.734,0.63,16.28,19.98,4.016,16.13,20.57,14.2,6.74,71.07
DcalT2M1,cal,D,2,1,10,13.8,9.65,374.465,4.13,15.33,2,2,3.734,0.63,16.28,19.98,4.016,16.13,20.57,14.2,6.74,71.07
DcalT2M2,cal,D,2,2,1,4.3,3.95,320.346,2.533,8.7,1,1,7.386,1.796,25.82,15.39,3.197,15.02,15.02,15.02,NA,97.6
DcalT2M2,cal,D,2,2,2,5.9,3.17,320.346,2.533,8.7,1,1,7.386,1.796,25.82,15.39,3.197,15.02,15.02,15.02,NA,97.6
DcalT2M2,cal,D,2,2,3,6.2,3.09,320.346,2.533,8.7,1,1,7.386,1.796,25.82,15.39,3.197,15.02,15.02,15.02,NA,97.6
DcalT2M2,cal,D,2,2,4,6.8,0.71,320.346,2.533,8.7,1,1,7.386,1.796,25.82,15.39,3.197,15.02,15.02,15.02,NA,97.6
DcalT2M2,cal,D,2,2,5,6.8,0.71,320.346,2.533,8.7,1,1,7.386,1.796,25.82,15.39,3.197,15.02,15.02,15.02,NA,97.6
DcalT2M2,cal,D,2,2,6,5.4,2.09,320.346,2.533,8.7,1,1,7.386,1.796,25.82,15.39,3.197,15.02,15.02,15.02,NA,97.6
DcalT2M2,cal,D,2,2,7,7,0.52,320.346,2.533,8.7,1,1,7.386,1.796,25.82,15.39,3.197,15.02,15.02,15.02,NA,97.6
DcalT2M2,cal,D,2,2,8,7.5,0.19,320.346,2.533,8.7,1,1,7.386,1.796,25.82,15.39,3.197,15.02,15.02,15.02,NA,97.6
DcalT2M2,cal,D,2,2,9,7.8,0.37,320.346,2.533,8.7,1,1,7.386,1.796,25.82,15.39,3.197,15.02,15.02,15.02,NA,97.6
DcalT2M2,cal,D,2,2,10,7.4,0.21,320.346,2.533,8.7,1,1,7.386,1.796,25.82,15.39,3.197,15.02,15.02,15.02,NA,97.6
DcalT2M2,cal,D,2,2,11,7.5,3.09,320.346,2.533,8.7,1,1,7.386,1.796,25.82,15.39,3.197,15.02,15.02,15.02,NA,97.6
DcalT2M2,cal,D,2,2,12,7,3.03,320.346,2.533,8.7,1,1,7.386,1.796,25.82,15.39,3.197,15.02,15.02,15.02,NA,97.6
DcalT2M2,cal,D,2,2,13,12.4,18.39,320.346,2.533,8.7,1,1,7.386,1.796,25.82,15.39,3.197,15.02,15.02,15.02,NA,97.6
DcalT2M2,cal,D,2,2,14,9.4,3.96,320.346,2.533,8.7,1,1,7.386,1.796,25.82,15.39,3.197,15.02,15.02,15.02,NA,97.6
DcalT2M2,cal,D,2,2,15,8.9,3.65,320.346,2.533,8.7,1,1,7.386,1.796,25.82,15.39,3.197,15.02,15.02,15.02,NA,97.6
DcalT2M2,cal,D,2,2,16,7.4,3.07,320.346,2.533,8.7,1,1,7.386,1.796,25.82,15.39,3.197,15.02,15.02,15.02,NA,97.6
DcalT2M2,cal,D,2,2,17,8.05,3.25,320.346,2.533,8.7,1,1,7.386,1.796,25.82,15.39,3.197,15.02,15.02,15.02,NA,97.6
DcalT2M2,cal,D,2,2,18,8.2,0.74,320.346,2.533,8.7,1,1,7.386,1.796,25.82,15.39,3.197,15.02,15.02,15.02,NA,97.6
DcalT2M2,cal,D,2,2,19,10.9,3.42,320.346,2.533,8.7,1,1,7.386,1.796,25.82,15.39,3.197,15.02,15.02,15.02,NA,97.6
DcalT2M2,cal,D,2,2,20,12.2,4.72,320.346,2.533,8.7,1,1,7.386,1.796,25.82,15.39,3.197,15.02,15.02,15.02,NA,97.6
DcalT2M2,cal,D,2,2,21,10.5,4.4,320.346,2.533,8.7,1,1,7.386,1.796,25.82,15.39,3.197,15.02,15.02,15.02,NA,97.6
DcalT2M2,cal,D,2,2,22,10,4.02,320.346,2.533,8.7,1,1,7.386,1.796,25.82,15.39,3.197,15.02,15.02,15.02,NA,97.6
DcalT2M2,cal,D,2,2,23,10.6,4.48,320.346,2.533,8.7,1,1,7.386,1.796,25.82,15.39,3.197,15.02,15.02,15.02,NA,97.6
DcalT2M2,cal,D,2,2,24,10.5,4.4,320.346,2.533,8.7,1,1,7.386,1.796,25.82,15.39,3.197,15.02,15.02,15.02,NA,97.6
DcalT2M2,cal,D,2,2,25,12.9,5.42,320.346,2.533,8.7,1,1,7.386,1.796,25.82,15.39,3.197,15.02,15.02,15.02,NA,97.6
DcalT2M2,cal,D,2,2,26,13.2,6.75,320.346,2.533,8.7,1,1,7.386,1.796,25.82,15.39,3.197,15.02,15.02,15.02,NA,97.6
DcalT2M3,cal,D,2,3,1,1.2,2.14,296.142,1.872,7.16,1,1,6.215999999999999,1.826,30.18,18.44,1.973,11.39,11.39,11.39,NA,61.77
DcalT2M3,cal,D,2,3,2,4.1,3.2,296.142,1.872,7.16,1,1,6.215999999999999,1.826,30.18,18.44,1.973,11.39,11.39,11.39,NA,61.77
DcalT2M3,cal,D,2,3,3,3.9,1.03,296.142,1.872,7.16,1,1,6.215999999999999,1.826,30.18,18.44,1.973,11.39,11.39,11.39,NA,61.77
DcalT2M3,cal,D,2,3,4,3.1,0.37,296.142,1.872,7.16,1,1,6.215999999999999,1.826,30.18,18.44,1.973,11.39,11.39,11.39,NA,61.77
DcalT2M3,cal,D,2,3,5,5.95,3.05,296.142,1.872,7.16,1,1,6.215999999999999,1.826,30.18,18.44,1.973,11.39,11.39,11.39,NA,61.77
DcalT2M3,cal,D,2,3,6,7.5,4.59,296.142,1.872,7.16,1,1,6.215999999999999,1.826,30.18,18.44,1.973,11.39,11.39,11.39,NA,61.77
DcalT2M3,cal,D,2,3,7,2.6,3.72,296.142,1.872,7.16,1,1,6.215999999999999,1.826,30.18,18.44,1.973,11.39,11.39,11.39,NA,61.77
DcalT2M3,cal,D,2,3,8,2.15,4.11,296.142,1.872,7.16,1,1,6.215999999999999,1.826,30.18,18.44,1.973,11.39,11.39,11.39,NA,61.77
EcalT1M2,cal,E,1,2,1,4.95,2.46,308.167,4.85,2.32,1,1,8.418,1.176,14.03,17.53,5.374,10.91,10.91,10.91,NA,62.24
EcalT1M2,cal,E,1,2,2,4.8,0.57,308.167,4.85,2.32,1,1,8.418,1.176,14.03,17.53,5.374,10.91,10.91,10.91,NA,62.24
EcalT1M2,cal,E,1,2,3,5.3,1.45,308.167,4.85,2.32,1,1,8.418,1.176,14.03,17.53,5.374,10.91,10.91,10.91,NA,62.24
EcalT1M2,cal,E,1,2,4,5.6,1.59,308.167,4.85,2.32,1,1,8.418,1.176,14.03,17.53,5.374,10.91,10.91,10.91,NA,62.24
EcalT2M1,cal,E,2,1,1,3.9,2.01,328.099,4.68,3.51,1,1,7.35,1.974,27.09,22.24,4.088,10.74,10.74,10.74,NA,48.29
EcalT2M1,cal,E,2,1,2,4.75,1.39,328.099,4.68,3.51,1,1,7.35,1.974,27.09,22.24,4.088,10.74,10.74,10.74,NA,48.29
EcalT2M1,cal,E,2,1,3,11.15,5.7,328.099,4.68,3.51,1,1,7.35,1.974,27.09,22.24,4.088,10.74,10.74,10.74,NA,48.29
EcalT2M1,cal,E,2,1,4,4.25,1.7,328.099,4.68,3.51,1,1,7.35,1.974,27.09,22.24,4.088,10.74,10.74,10.74,NA,48.29
EcalT2M1,cal,E,2,1,5,5.75,3.26,328.099,4.68,3.51,1,1,7.35,1.974,27.09,22.24,4.088,10.74,10.74,10.74,NA,48.29
EcalT2M3,cal,E,2,3,1,2.1,1.95,313.779,3.64,2.24,1,1,8.006,2.1639999999999997,26.99,20.13,3.513,9.93,9.93,9.93,NA,49.33
EcalT2M3,cal,E,2,3,2,4.6,1.92,313.779,3.64,2.24,1,1,8.006,2.1639999999999997,26.99,20.13,3.513,9.93,9.93,9.93,NA,49.33
EcalT2M3,cal,E,2,3,3,4.15,0.47,313.779,3.64,2.24,1,1,8.006,2.1639999999999997,26.99,20.13,3.513,9.93,9.93,9.93,NA,49.33
EcalT2M3,cal,E,2,3,4,4.5,0.82,313.779,3.64,2.24,1,1,8.006,2.1639999999999997,26.99,20.13,3.513,9.93,9.93,9.93,NA,49.33
EcalT2M3,cal,E,2,3,5,3.9,0.22,313.779,3.64,2.24,1,1,8.006,2.1639999999999997,26.99,20.13,3.513,9.93,9.93,9.93,NA,49.33
EcalT2M3,cal,E,2,3,6,3.4,1.36,313.779,3.64,2.24,1,1,8.006,2.1639999999999997,26.99,20.13,3.513,9.93,9.93,9.93,NA,49.33
EcalT2M3,cal,E,2,3,7,4.25,1.59,313.779,3.64,2.24,1,1,8.006,2.1639999999999997,26.99,20.13,3.513,9.93,9.93,9.93,NA,49.33
FcalT1M1,cal,F,1,1,1,3.1,5.03,209.649,1.7,4.46,1,1,7.214,2.378,34.21,14.95,2.209,9.15,9.15,9.15,NA,61.2
FcalT1M1,cal,F,1,1,2,8.3,4.18,209.649,1.7,4.46,1,1,7.214,2.378,34.21,14.95,2.209,9.15,9.15,9.15,NA,61.2
FcalT1M1,cal,F,1,1,3,11.7,3.94,209.649,1.7,4.46,1,1,7.214,2.378,34.21,14.95,2.209,9.15,9.15,9.15,NA,61.2
FcalT1M1,cal,F,1,1,4,9.25,2.58,209.649,1.7,4.46,1,1,7.214,2.378,34.21,14.95,2.209,9.15,9.15,9.15,NA,61.2
FcalT1M1,cal,F,1,1,5,9.4,2.67,209.649,1.7,4.46,1,1,7.214,2.378,34.21,14.95,2.209,9.15,9.15,9.15,NA,61.2
FcalT1M2,cal,F,1,2,1,0.6,1.91,273.006,1.98,5.07,1,1,7.778,1.716,23.74,15.22,2.527,10.58,10.58,10.58,NA,69.51
FcalT1M2,cal,F,1,2,2,1.15,1.92,273.006,1.98,5.07,1,1,7.778,1.716,23.74,15.22,2.527,10.58,10.58,10.58,NA,69.51
FcalT1M2,cal,F,1,2,3,1.25,2.33,273.006,1.98,5.07,1,1,7.778,1.716,23.74,15.22,2.527,10.58,10.58,10.58,NA,69.51
FcalT1M2,cal,F,1,2,4,2.4,3.3,273.006,1.98,5.07,1,1,7.778,1.716,23.74,15.22,2.527,10.58,10.58,10.58,NA,69.51
FcalT1M2,cal,F,1,2,5,2.55,2.95,273.006,1.98,5.07,1,1,7.778,1.716,23.74,15.22,2.527,10.58,10.58,10.58,NA,69.51
FcalT1M2,cal,F,1,2,6,2.15,3.15,273.006,1.98,5.07,1,1,7.778,1.716,23.74,15.22,2.527,10.58,10.58,10.58,NA,69.51
FcalT1M2,cal,F,1,2,7,1.95,2.98,273.006,1.98,5.07,1,1,7.778,1.716,23.74,15.22,2.527,10.58,10.58,10.58,NA,69.51
FcalT1M2,cal,F,1,2,8,3.2,4.12,273.006,1.98,5.07,1,1,7.778,1.716,23.74,15.22,2.527,10.58,10.58,10.58,NA,69.51
FcalT1M2,cal,F,1,2,9,3.25,4.16,273.006,1.98,5.07,1,1,7.778,1.716,23.74,15.22,2.527,10.58,10.58,10.58,NA,69.51
FcalT1M2,cal,F,1,2,10,2.75,3.7,273.006,1.98,5.07,1,1,7.778,1.716,23.74,15.22,2.527,10.58,10.58,10.58,NA,69.51
FcalT1M2,cal,F,1,2,11,9.8,8.7,273.006,1.98,5.07,1,1,7.778,1.716,23.74,15.22,2.527,10.58,10.58,10.58,NA,69.51
FcalT1M2,cal,F,1,2,12,5.5,4.46,273.006,1.98,5.07,1,1,7.778,1.716,23.74,15.22,2.527,10.58,10.58,10.58,NA,69.51
FcalT1M2,cal,F,1,2,13,6.1,5.05,273.006,1.98,5.07,1,1,7.778,1.716,23.74,15.22,2.527,10.58,10.58,10.58,NA,69.51
FcalT1M2,cal,F,1,2,14,2.8,1.42,273.006,1.98,5.07,1,1,7.778,1.716,23.74,15.22,2.527,10.58,10.58,10.58,NA,69.51
FcalT1M2,cal,F,1,2,15,5.2,4.3,273.006,1.98,5.07,1,1,7.778,1.716,23.74,15.22,2.527,10.58,10.58,10.58,NA,69.51
FcalT1M2,cal,F,1,2,16,4.8,3.43,273.006,1.98,5.07,1,1,7.778,1.716,23.74,15.22,2.527,10.58,10.58,10.58,NA,69.51
FcalT1M2,cal,F,1,2,17,2.5,1.25,273.006,1.98,5.07,1,1,7.778,1.716,23.74,15.22,2.527,10.58,10.58,10.58,NA,69.51
FcalT1M2,cal,F,1,2,18,3.95,2.6,273.006,1.98,5.07,1,1,7.778,1.716,23.74,15.22,2.527,10.58,10.58,10.58,NA,69.51
FcalT1M2,cal,F,1,2,19,2.85,1.56,273.006,1.98,5.07,1,1,7.778,1.716,23.74,15.22,2.527,10.58,10.58,10.58,NA,69.51
FcalT1M2,cal,F,1,2,20,3.7,2.12,273.006,1.98,5.07,1,1,7.778,1.716,23.74,15.22,2.527,10.58,10.58,10.58,NA,69.51
FcalT1M3,cal,F,1,3,1,3.95,3.23,277.64,3.71,21.43,3,3,3.206,1.29,40.77,22.55,3.197,14.7,25.71,12.64,5.69,56.05
FcalT1M3,cal,F,1,3,2,2.4,0.93,277.64,3.71,21.43,3,3,3.206,1.29,40.77,22.55,3.197,14.7,25.71,12.64,5.69,56.05
FcalT1M3,cal,F,1,3,3,2.6,1.12,277.64,3.71,21.43,3,3,3.206,1.29,40.77,22.55,3.197,14.7,25.71,12.64,5.69,56.05
FcalT1M3,cal,F,1,3,4,2.25,0.78,277.64,3.71,21.43,3,3,3.206,1.29,40.77,22.55,3.197,14.7,25.71,12.64,5.69,56.05
FcalT1M3,cal,F,1,3,5,5.2,3.79,277.64,3.71,21.43,3,3,3.206,1.29,40.77,22.55,3.197,14.7,25.71,12.64,5.69,56.05
FcalT1M3,cal,F,1,3,6,2.7,2.39,277.64,3.71,21.43,3,3,3.206,1.29,40.77,22.55,3.197,14.7,25.71,12.64,5.69,56.05
FcalT1M3,cal,F,1,3,7,3.3,3.48,277.64,3.71,21.43,3,3,3.206,1.29,40.77,22.55,3.197,14.7,25.71,12.64,5.69,56.05
FcalT1M3,cal,F,1,3,8,2.3,2.61,277.64,3.71,21.43,3,3,3.206,1.29,40.77,22.55,3.197,14.7,25.71,12.64,5.69,56.05
FcalT1M3,cal,F,1,3,9,7,5.73,277.64,3.71,21.43,3,3,3.206,1.29,40.77,22.55,3.197,14.7,25.71,12.64,5.69,56.05
FcalT1M3,cal,F,1,3,10,8.1,9.54,277.64,3.71,21.43,3,3,3.206,1.29,40.77,22.55,3.197,14.7,25.71,12.64,5.69,56.05
GcalT1M3,cal,G,1,3,1,8.9,2.56,419.925,5.43,10.93,1,1,5.764,1.264,21.45,22.82,4.623,16.64,16.64,16.64,NA,72.92
GcalT1M3,cal,G,1,3,2,10,3.44,419.925,5.43,10.93,1,1,5.764,1.264,21.45,22.82,4.623,16.64,16.64,16.64,NA,72.92
GcalT1M3,cal,G,1,3,3,9.05,2.67,419.925,5.43,10.93,1,1,5.764,1.264,21.45,22.82,4.623,16.64,16.64,16.64,NA,72.92
GcalT1M3,cal,G,1,3,4,10.65,4.01,419.925,5.43,10.93,1,1,5.764,1.264,21.45,22.82,4.623,16.64,16.64,16.64,NA,72.92
GcalT1M3,cal,G,1,3,5,9.15,2.75,419.925,5.43,10.93,1,1,5.764,1.264,21.45,22.82,4.623,16.64,16.64,16.64,NA,72.92
GcalT1M3,cal,G,1,3,6,11,17.39,419.925,5.43,10.93,1,1,5.764,1.264,21.45,22.82,4.623,16.64,16.64,16.64,NA,72.92
GcalT1M3,cal,G,1,3,7,11.3,4.6,419.925,5.43,10.93,1,1,5.764,1.264,21.45,22.82,4.623,16.64,16.64,16.64,NA,72.92
GcalT1M3,cal,G,1,3,8,11.9,5.16,419.925,5.43,10.93,1,1,5.764,1.264,21.45,22.82,4.623,16.64,16.64,16.64,NA,72.92
GcalT1M3,cal,G,1,3,9,11.9,4.81,419.925,5.43,10.93,1,1,5.764,1.264,21.45,22.82,4.623,16.64,16.64,16.64,NA,72.92
GcalT1M3,cal,G,1,3,10,11.4,4.33,419.925,5.43,10.93,1,1,5.764,1.264,21.45,22.82,4.623,16.64,16.64,16.64,NA,72.92
GcalT1M3,cal,G,1,3,11,12.9,5.79,419.925,5.43,10.93,1,1,5.764,1.264,21.45,22.82,4.623,16.64,16.64,16.64,NA,72.92
GcalT1M3,cal,G,1,3,12,12.1,5.35,419.925,5.43,10.93,1,1,5.764,1.264,21.45,22.82,4.623,16.64,16.64,16.64,NA,72.92
GcalT1M3,cal,G,1,3,13,13.9,7.07,419.925,5.43,10.93,1,1,5.764,1.264,21.45,22.82,4.623,16.64,16.64,16.64,NA,72.92
GcalT1M3,cal,G,1,3,14,14.35,7.51,419.925,5.43,10.93,1,1,5.764,1.264,21.45,22.82,4.623,16.64,16.64,16.64,NA,72.92
GcalT1M3,cal,G,1,3,15,14.85,7.99,419.925,5.43,10.93,1,1,5.764,1.264,21.45,22.82,4.623,16.64,16.64,16.64,NA,72.92
GcalT1M3,cal,G,1,3,16,15.8,22.07,419.925,5.43,10.93,1,1,5.764,1.264,21.45,22.82,4.623,16.64,16.64,16.64,NA,72.92
GcalT1M3,cal,G,1,3,17,16.15,22.42,419.925,5.43,10.93,1,1,5.764,1.264,21.45,22.82,4.623,16.64,16.64,16.64,NA,72.92
GcalT2M1,cal,G,2,1,1,4.75,1.67,388.214,5.39,10.47,1,1,1.672,0.59,28.61,23.11,4.532,16.16,16.16,16.16,NA,69.93
GcalT2M1,cal,G,2,1,2,5.3,1.92,388.214,5.39,10.47,1,1,1.672,0.59,28.61,23.11,4.532,16.16,16.16,16.16,NA,69.93
GcalT2M1,cal,G,2,1,3,4.85,1.7,388.214,5.39,10.47,1,1,1.672,0.59,28.61,23.11,4.532,16.16,16.16,16.16,NA,69.93
GcalT2M1,cal,G,2,1,4,5.2,1.87,388.214,5.39,10.47,1,1,1.672,0.59,28.61,23.11,4.532,16.16,16.16,16.16,NA,69.93
GcalT2M1,cal,G,2,1,5,8,3.53,388.214,5.39,10.47,1,1,1.672,0.59,28.61,23.11,4.532,16.16,16.16,16.16,NA,69.93
GcalT2M1,cal,G,2,1,6,9.1,4.63,388.214,5.39,10.47,1,1,1.672,0.59,28.61,23.11,4.532,16.16,16.16,16.16,NA,69.93
GcalT2M1,cal,G,2,1,7,4.35,1.85,388.214,5.39,10.47,1,1,1.672,0.59,28.61,23.11,4.532,16.16,16.16,16.16,NA,69.93
GcalT2M1,cal,G,2,1,8,4.8,1.96,388.214,5.39,10.47,1,1,1.672,0.59,28.61,23.11,4.532,16.16,16.16,16.16,NA,69.93
GcalT2M1,cal,G,2,1,9,5.8,2.51,388.214,5.39,10.47,1,1,1.672,0.59,28.61,23.11,4.532,16.16,16.16,16.16,NA,69.93
GcalT2M1,cal,G,2,1,10,4.9,8.62,388.214,5.39,10.47,1,1,1.672,0.59,28.61,23.11,4.532,16.16,16.16,16.16,NA,69.93
GcalT2M1,cal,G,2,1,11,5.7,9.36,388.214,5.39,10.47,1,1,1.672,0.59,28.61,23.11,4.532,16.16,16.16,16.16,NA,69.93
GcalT2M1,cal,G,2,1,12,7,3.44,388.214,5.39,10.47,1,1,1.672,0.59,28.61,23.11,4.532,16.16,16.16,16.16,NA,69.93
GcalT2M1,cal,G,2,1,13,7.75,4.1,388.214,5.39,10.47,1,1,1.672,0.59,28.61,23.11,4.532,16.16,16.16,16.16,NA,69.93
GcalT2M1,cal,G,2,1,14,10.7,6.86,388.214,5.39,10.47,1,1,1.672,0.59,28.61,23.11,4.532,16.16,16.16,16.16,NA,69.93
GcalT2M1,cal,G,2,1,15,8.7,12.22,388.214,5.39,10.47,1,1,1.672,0.59,28.61,23.11,4.532,16.16,16.16,16.16,NA,69.93
GcalT2M1,cal,G,2,1,16,9.05,12.56,388.214,5.39,10.47,1,1,1.672,0.59,28.61,23.11,4.532,16.16,16.16,16.16,NA,69.93
GcalT2M1,cal,G,2,1,17,11.85,7.98,388.214,5.39,10.47,1,1,1.672,0.59,28.61,23.11,4.532,16.16,16.16,16.16,NA,69.93
GcalT2M1,cal,G,2,1,18,13.55,9.64,388.214,5.39,10.47,1,1,1.672,0.59,28.61,23.11,4.532,16.16,16.16,16.16,NA,69.93
GcalT2M1,cal,G,2,1,19,13.2,9.3,388.214,5.39,10.47,1,1,1.672,0.59,28.61,23.11,4.532,16.16,16.16,16.16,NA,69.93
GcalT2M1,cal,G,2,1,20,14.8,10.87,388.214,5.39,10.47,1,1,1.672,0.59,28.61,23.11,4.532,16.16,16.16,16.16,NA,69.93
GcalT2M1,cal,G,2,1,21,16.25,12.3,388.214,5.39,10.47,1,1,1.672,0.59,28.61,23.11,4.532,16.16,16.16,16.16,NA,69.93
GcalT2M1,cal,G,2,1,22,12.8,8.9,388.214,5.39,10.47,1,1,1.672,0.59,28.61,23.11,4.532,16.16,16.16,16.16,NA,69.93
GcalT2M1,cal,G,2,1,23,18.6,14.63,388.214,5.39,10.47,1,1,1.672,0.59,28.61,23.11,4.532,16.16,16.16,16.16,NA,69.93
GcalT2M1,cal,G,2,1,24,13.5,16.89,388.214,5.39,10.47,1,1,1.672,0.59,28.61,23.11,4.532,16.16,16.16,16.16,NA,69.93
GcalT2M1,cal,G,2,1,25,15.5,18.86,388.214,5.39,10.47,1,1,1.672,0.59,28.61,23.11,4.532,16.16,16.16,16.16,NA,69.93
GcalT2M1,cal,G,2,1,26,13.3,16.7,388.214,5.39,10.47,1,1,1.672,0.59,28.61,23.11,4.532,16.16,16.16,16.16,NA,69.93
HcalT1M2,cal,H,1,2,1,0.3,5.28,213.73,2.201,1.94,1,1,5.832,2.124,37.53,11.65,3.67,7.41,7.41,7.41,NA,63.61
HcalT1M2,cal,H,1,2,2,2.7,3.06,213.73,2.201,1.94,1,1,5.832,2.124,37.53,11.65,3.67,7.41,7.41,7.41,NA,63.61
HcalT1M2,cal,H,1,2,3,4.05,2.64,213.73,2.201,1.94,1,1,5.832,2.124,37.53,11.65,3.67,7.41,7.41,7.41,NA,63.61
HcalT1M2,cal,H,1,2,4,10.7,6.31,213.73,2.201,1.94,1,1,5.832,2.124,37.53,11.65,3.67,7.41,7.41,7.41,NA,63.61
HcalT1M2,cal,H,1,2,5,8.6,3.79,213.73,2.201,1.94,1,1,5.832,2.124,37.53,11.65,3.67,7.41,7.41,7.41,NA,63.61
HcalT1M2,cal,H,1,2,6,9.4,4.52,213.73,2.201,1.94,1,1,5.832,2.124,37.53,11.65,3.67,7.41,7.41,7.41,NA,63.61
HcalT1M3,cal,H,1,3,1,4.75,2.68,242.486,1.779,2.73,1,1,5.486,1.124,21.1,16.82,2.055,11.03,11.03,11.03,NA,65.58
HcalT1M3,cal,H,1,3,2,5.3,2.88,242.486,1.779,2.73,1,1,5.486,1.124,21.1,16.82,2.055,11.03,11.03,11.03,NA,65.58
HcalT1M3,cal,H,1,3,3,5.4,1.11,242.486,1.779,2.73,1,1,5.486,1.124,21.1,16.82,2.055,11.03,11.03,11.03,NA,65.58
HcalT1M3,cal,H,1,3,4,4.9,1.02,242.486,1.779,2.73,1,1,5.486,1.124,21.1,16.82,2.055,11.03,11.03,11.03,NA,65.58
HcalT1M3,cal,H,1,3,5,4.8,1,242.486,1.779,2.73,1,1,5.486,1.124,21.1,16.82,2.055,11.03,11.03,11.03,NA,65.58
HcalT1M3,cal,H,1,3,6,5.7,1.43,242.486,1.779,2.73,1,1,5.486,1.124,21.1,16.82,2.055,11.03,11.03,11.03,NA,65.58
HcalT1M3,cal,H,1,3,7,5.6,3.21,242.486,1.779,2.73,1,1,5.486,1.124,21.1,16.82,2.055,11.03,11.03,11.03,NA,65.58
HcalT2M2,cal,H,2,2,1,4.6,5.66,318.702,2.462,13.21,1,1,7.186,0.98,13.72,17.32,2.761,13.1,13.1,13.1,NA,75.64
HcalT2M2,cal,H,2,2,2,3.1,3.42,318.702,2.462,13.21,1,1,7.186,0.98,13.72,17.32,2.761,13.1,13.1,13.1,NA,75.64
HcalT2M2,cal,H,2,2,3,2.15,1.57,318.702,2.462,13.21,1,1,7.186,0.98,13.72,17.32,2.761,13.1,13.1,13.1,NA,75.64
HcalT2M2,cal,H,2,2,4,4.7,3.51,318.702,2.462,13.21,1,1,7.186,0.98,13.72,17.32,2.761,13.1,13.1,13.1,NA,75.64
HcalT2M2,cal,H,2,2,5,5.3,4.11,318.702,2.462,13.21,1,1,7.186,0.98,13.72,17.32,2.761,13.1,13.1,13.1,NA,75.64
HcalT2M2,cal,H,2,2,6,6.7,6.79,318.702,2.462,13.21,1,1,7.186,0.98,13.72,17.32,2.761,13.1,13.1,13.1,NA,75.64
HcalT2M2,cal,H,2,2,7,4.5,5.56,318.702,2.462,13.21,1,1,7.186,0.98,13.72,17.32,2.761,13.1,13.1,13.1,NA,75.64
HcalT2M2,cal,H,2,2,8,6.05,7.09,318.702,2.462,13.21,1,1,7.186,0.98,13.72,17.32,2.761,13.1,13.1,13.1,NA,75.64
HcalT2M2,cal,H,2,2,9,8.85,8.39,318.702,2.462,13.21,1,1,7.186,0.98,13.72,17.32,2.761,13.1,13.1,13.1,NA,75.64
HcalT2M2,cal,H,2,2,10,3,4.09,318.702,2.462,13.21,1,1,7.186,0.98,13.72,17.32,2.761,13.1,13.1,13.1,NA,75.64
HcalT2M2,cal,H,2,2,11,3.5,4.58,318.702,2.462,13.21,1,1,7.186,0.98,13.72,17.32,2.761,13.1,13.1,13.1,NA,75.64
HcalT2M2,cal,H,2,2,12,3.95,5.02,318.702,2.462,13.21,1,1,7.186,0.98,13.72,17.32,2.761,13.1,13.1,13.1,NA,75.64
HcalT2M2,cal,H,2,2,13,2.95,1.75,318.702,2.462,13.21,1,1,7.186,0.98,13.72,17.32,2.761,13.1,13.1,13.1,NA,75.64
HcalT2M2,cal,H,2,2,14,4.9,5.96,318.702,2.462,13.21,1,1,7.186,0.98,13.72,17.32,2.761,13.1,13.1,13.1,NA,75.64
HcalT2M2,cal,H,2,2,15,5.7,6.75,318.702,2.462,13.21,1,1,7.186,0.98,13.72,17.32,2.761,13.1,13.1,13.1,NA,75.64
HcalT2M2,cal,H,2,2,16,6.55,7.59,318.702,2.462,13.21,1,1,7.186,0.98,13.72,17.32,2.761,13.1,13.1,13.1,NA,75.64
HcalT2M2,cal,H,2,2,17,5.5,6.55,318.702,2.462,13.21,1,1,7.186,0.98,13.72,17.32,2.761,13.1,13.1,13.1,NA,75.64
HcalT2M2,cal,H,2,2,18,4.35,3.12,318.702,2.462,13.21,1,1,7.186,0.98,13.72,17.32,2.761,13.1,13.1,13.1,NA,75.64
HcalT2M2,cal,H,2,2,19,6.8,7.84,318.702,2.462,13.21,1,1,7.186,0.98,13.72,17.32,2.761,13.1,13.1,13.1,NA,75.64
HcalT2M2,cal,H,2,2,20,6.75,7.79,318.702,2.462,13.21,1,1,7.186,0.98,13.72,17.32,2.761,13.1,13.1,13.1,NA,75.64
HcalT2M2,cal,H,2,2,21,6.7,5.45,318.702,2.462,13.21,1,1,7.186,0.98,13.72,17.32,2.761,13.1,13.1,13.1,NA,75.64
HcalT2M2,cal,H,2,2,22,6.55,5.3,318.702,2.462,13.21,1,1,7.186,0.98,13.72,17.32,2.761,13.1,13.1,13.1,NA,75.64
HcalT2M2,cal,H,2,2,23,7.85,7.4,318.702,2.462,13.21,1,1,7.186,0.98,13.72,17.32,2.761,13.1,13.1,13.1,NA,75.64
HcalT2M2,cal,H,2,2,24,8.15,7.7,318.702,2.462,13.21,1,1,7.186,0.98,13.72,17.32,2.761,13.1,13.1,13.1,NA,75.64
HcalT2M2,cal,H,2,2,25,8.9,8.44,318.702,2.462,13.21,1,1,7.186,0.98,13.72,17.32,2.761,13.1,13.1,13.1,NA,75.64
HcalT2M2,cal,H,2,2,26,10.45,9.97,318.702,2.462,13.21,1,1,7.186,0.98,13.72,17.32,2.761,13.1,13.1,13.1,NA,75.64
HcalT2M2,cal,H,2,2,27,7.7,8.73,318.702,2.462,13.21,1,1,7.186,0.98,13.72,17.32,2.761,13.1,13.1,13.1,NA,75.64
HcalT2M2,cal,H,2,2,28,8.3,9.33,318.702,2.462,13.21,1,1,7.186,0.98,13.72,17.32,2.761,13.1,13.1,13.1,NA,75.64
HcalT2M2,cal,H,2,2,28,8.05,6.8,318.702,2.462,13.21,1,1,7.186,0.98,13.72,17.32,2.761,13.1,13.1,13.1,NA,75.64
HcalT2M2,cal,H,2,2,29,9.05,10.08,318.702,2.462,13.21,1,1,7.186,0.98,13.72,17.32,2.761,13.1,13.1,13.1,NA,75.64
HcalT2M2,cal,H,2,2,30,7.7,8.73,318.702,2.462,13.21,1,1,7.186,0.98,13.72,17.32,2.761,13.1,13.1,13.1,NA,75.64
HcalT2M2,cal,H,2,2,31,11.35,10.87,318.702,2.462,13.21,1,1,7.186,0.98,13.72,17.32,2.761,13.1,13.1,13.1,NA,75.64
HcalT2M2,cal,H,2,2,32,7.7,8.73,318.702,2.462,13.21,1,1,7.186,0.98,13.72,17.32,2.761,13.1,13.1,13.1,NA,75.64
HcalT2M2,cal,H,2,2,33,8.95,9.98,318.702,2.462,13.21,1,1,7.186,0.98,13.72,17.32,2.761,13.1,13.1,13.1,NA,75.64
HcalT2M2,cal,H,2,2,34,7.35,8.38,318.702,2.462,13.21,1,1,7.186,0.98,13.72,17.32,2.761,13.1,13.1,13.1,NA,75.64
HcalT2M2,cal,H,2,2,35,8.05,6.8,318.702,2.462,13.21,1,1,7.186,0.98,13.72,17.32,2.761,13.1,13.1,13.1,NA,75.64
HcalT2M2,cal,H,2,2,36,10.65,9.39,318.702,2.462,13.21,1,1,7.186,0.98,13.72,17.32,2.761,13.1,13.1,13.1,NA,75.64
HcalT2M2,cal,H,2,2,37,7.5,6.25,318.702,2.462,13.21,1,1,7.186,0.98,13.72,17.32,2.761,13.1,13.1,13.1,NA,75.64
HcalT2M2,cal,H,2,2,39,7.65,6.4,318.702,2.462,13.21,1,1,7.186,0.98,13.72,17.32,2.761,13.1,13.1,13.1,NA,75.64
HcalT2M2,cal,H,2,2,40,9.05,7.8,318.702,2.462,13.21,1,1,7.186,0.98,13.72,17.32,2.761,13.1,13.1,13.1,NA,75.64
HcalT2M2,cal,H,2,2,41,11.2,9.94,318.702,2.462,13.21,1,1,7.186,0.98,13.72,17.32,2.761,13.1,13.1,13.1,NA,75.64
HcalT2M2,cal,H,2,2,42,13.7,12.44,318.702,2.462,13.21,1,1,7.186,0.98,13.72,17.32,2.761,13.1,13.1,13.1,NA,75.64
HcalT2M2,cal,H,2,2,43,9.8,8.45,318.702,2.462,13.21,1,1,7.186,0.98,13.72,17.32,2.761,13.1,13.1,13.1,NA,75.64
HcalT2M2,cal,H,2,2,44,12.05,10.7,318.702,2.462,13.21,1,1,7.186,0.98,13.72,17.32,2.761,13.1,13.1,13.1,NA,75.64
IcalT1M2,cal,I,1,2,1,2.35,3.51,331.36,2.304,3.8,1,1,7.008,2.2880000000000003,33.05,22.16,2.02,10.4,10.4,10.4,NA,46.93
IcalT1M2,cal,I,1,2,2,5.65,2.46,331.36,2.304,3.8,1,1,7.008,2.2880000000000003,33.05,22.16,2.02,10.4,10.4,10.4,NA,46.93
IcalT1M2,cal,I,1,2,3,6.5,3.22,331.36,2.304,3.8,1,1,7.008,2.2880000000000003,33.05,22.16,2.02,10.4,10.4,10.4,NA,46.93
IcalT1M2,cal,I,1,2,4,5.45,1.68,331.36,2.304,3.8,1,1,7.008,2.2880000000000003,33.05,22.16,2.02,10.4,10.4,10.4,NA,46.93
IcalT1M2,cal,I,1,2,5,5.15,2.34,331.36,2.304,3.8,1,1,7.008,2.2880000000000003,33.05,22.16,2.02,10.4,10.4,10.4,NA,46.93
IcalT1M2,cal,I,1,2,6,5.15,2.34,331.36,2.304,3.8,1,1,7.008,2.2880000000000003,33.05,22.16,2.02,10.4,10.4,10.4,NA,46.93
IcalT1M2,cal,I,1,2,7,5.85,4.29,331.36,2.304,3.8,1,1,7.008,2.2880000000000003,33.05,22.16,2.02,10.4,10.4,10.4,NA,46.93
IcalT1M2,cal,I,1,2,8,2.75,5.39,331.36,2.304,3.8,1,1,7.008,2.2880000000000003,33.05,22.16,2.02,10.4,10.4,10.4,NA,46.93
IcalT2M2,cal,I,2,2,1,4.1,7.12,257.075,2.368,5.92,1,1,3.91,1.136,29.9,18.16,2.533,12.12,12.12,12.12,NA,66.74
IcalT2M2,cal,I,2,2,2,9.4,7.15,257.075,2.368,5.92,1,1,3.91,1.136,29.9,18.16,2.533,12.12,12.12,12.12,NA,66.74
IcalT2M2,cal,I,2,2,3,12.7,5.34,257.075,2.368,5.92,1,1,3.91,1.136,29.9,18.16,2.533,12.12,12.12,12.12,NA,66.74
IcalT2M2,cal,I,2,2,4,6.5,2.93,257.075,2.368,5.92,1,1,3.91,1.136,29.9,18.16,2.533,12.12,12.12,12.12,NA,66.74
IcalT2M2,cal,I,2,2,5,6.7,2.73,257.075,2.368,5.92,1,1,3.91,1.136,29.9,18.16,2.533,12.12,12.12,12.12,NA,66.74
IcalT2M2,cal,I,2,2,6,6.1,3.33,257.075,2.368,5.92,1,1,3.91,1.136,29.9,18.16,2.533,12.12,12.12,12.12,NA,66.74
IcalT2M2,cal,I,2,2,7,14.3,4.87,257.075,2.368,5.92,1,1,3.91,1.136,29.9,18.16,2.533,12.12,12.12,12.12,NA,66.74
IcalT2M2,cal,I,2,2,8,14.25,4.82,257.075,2.368,5.92,1,1,3.91,1.136,29.9,18.16,2.533,12.12,12.12,12.12,NA,66.74
IcalT2M2,cal,I,2,2,9,12.1,4.94,257.075,2.368,5.92,1,1,3.91,1.136,29.9,18.16,2.533,12.12,12.12,12.12,NA,66.74
IcalT2M2,cal,I,2,2,10,12.75,5.4,257.075,2.368,5.92,1,1,3.91,1.136,29.9,18.16,2.533,12.12,12.12,12.12,NA,66.74
IcalT2M2,cal,I,2,2,11,12.5,5.22,257.075,2.368,5.92,1,1,3.91,1.136,29.9,18.16,2.533,12.12,12.12,12.12,NA,66.74
IcalT2M3,cal,I,2,3,1,5.35,7.85,429.587,4.15,6.12,1,1,6.938,2.818,41.38,22.34,3.609,14.12,14.12,14.12,NA,63.21
IcalT2M3,cal,I,2,3,2,7.45,11.91,429.587,4.15,6.12,1,1,6.938,2.818,41.38,22.34,3.609,14.12,14.12,14.12,NA,63.21
IcalT2M3,cal,I,2,3,3,11.5,15.85,429.587,4.15,6.12,1,1,6.938,2.818,41.38,22.34,3.609,14.12,14.12,14.12,NA,63.21
IcalT2M3,cal,I,2,3,4,12.8,7.99,429.587,4.15,6.12,1,1,6.938,2.818,41.38,22.34,3.609,14.12,14.12,14.12,NA,63.21
IcalT2M3,cal,I,2,3,5,10.4,5.64,429.587,4.15,6.12,1,1,6.938,2.818,41.38,22.34,3.609,14.12,14.12,14.12,NA,63.21
IcalT2M3,cal,I,2,3,6,10.8,6.03,429.587,4.15,6.12,1,1,6.938,2.818,41.38,22.34,3.609,14.12,14.12,14.12,NA,63.21
IcalT2M3,cal,I,2,3,7,10.6,5.83,429.587,4.15,6.12,1,1,6.938,2.818,41.38,22.34,3.609,14.12,14.12,14.12,NA,63.21
IcalT2M3,cal,I,2,3,8,11,6.22,429.587,4.15,6.12,1,1,6.938,2.818,41.38,22.34,3.609,14.12,14.12,14.12,NA,63.21
IcalT2M3,cal,I,2,3,9,11.5,6.71,429.587,4.15,6.12,1,1,6.938,2.818,41.38,22.34,3.609,14.12,14.12,14.12,NA,63.21
IcalT2M3,cal,I,2,3,10,12.2,7.4,429.587,4.15,6.12,1,1,6.938,2.818,41.38,22.34,3.609,14.12,14.12,14.12,NA,63.21
IcalT2M3,cal,I,2,3,11,12,7.2,429.587,4.15,6.12,1,1,6.938,2.818,41.38,22.34,3.609,14.12,14.12,14.12,NA,63.21
IcalT2M3,cal,I,2,3,12,13.6,8.77,429.587,4.15,6.12,1,1,6.938,2.818,41.38,22.34,3.609,14.12,14.12,14.12,NA,63.21
IcalT2M3,cal,I,2,3,13,11.35,6.56,429.587,4.15,6.12,1,1,6.938,2.818,41.38,22.34,3.609,14.12,14.12,14.12,NA,63.21
IcalT2M3,cal,I,2,3,14,12.45,16.78,429.587,4.15,6.12,1,1,6.938,2.818,41.38,22.34,3.609,14.12,14.12,14.12,NA,63.21
IcalT2M3,cal,I,2,3,15,11.9,16.24,429.587,4.15,6.12,1,1,6.938,2.818,41.38,22.34,3.609,14.12,14.12,14.12,NA,63.21
JcalT1M1,cal,J,1,1,1,3.7,12.33,284.448,2.07,8.81,2,2,3.03,1.206,39.91,17.35,2.318,12.41,20.42,12.67,0.01,73.03
JcalT1M1,cal,J,1,1,2,6.2,2.72,284.448,2.07,8.81,2,2,3.03,1.206,39.91,17.35,2.318,12.41,20.42,12.67,0.01,73.03
JcalT1M1,cal,J,1,1,3,23.85,14.98,284.448,2.07,8.81,2,2,3.03,1.206,39.91,17.35,2.318,12.41,20.42,12.67,0.01,73.03
JcalT1M2,cal,J,1,2,1,1.9,1.42,420.437,4.43,16.84,2,2,2.928,0.84,28.96,22.64,3.801,15.82,20.71,13.42,7.13,59.28
JcalT1M2,cal,J,1,2,2,3.5,2.48,420.437,4.43,16.84,2,2,2.928,0.84,28.96,22.64,3.801,15.82,20.71,13.42,7.13,59.28
JcalT1M2,cal,J,1,2,3,5.4,4.31,420.437,4.43,16.84,2,2,2.928,0.84,28.96,22.64,3.801,15.82,20.71,13.42,7.13,59.28
JcalT1M2,cal,J,1,2,4,3.9,2.28,420.437,4.43,16.84,2,2,2.928,0.84,28.96,22.64,3.801,15.82,20.71,13.42,7.13,59.28
JcalT1M2,cal,J,1,2,5,2.9,1.39,420.437,4.43,16.84,2,2,2.928,0.84,28.96,22.64,3.801,15.82,20.71,13.42,7.13,59.28
JcalT1M2,cal,J,1,2,6,4.95,3.29,420.437,4.43,16.84,2,2,2.928,0.84,28.96,22.64,3.801,15.82,20.71,13.42,7.13,59.28
JcalT1M2,cal,J,1,2,7,6.6,8.44,420.437,4.43,16.84,2,2,2.928,0.84,28.96,22.64,3.801,15.82,20.71,13.42,7.13,59.28
JcalT1M2,cal,J,1,2,8,8.1,7.51,420.437,4.43,16.84,2,2,2.928,0.84,28.96,22.64,3.801,15.82,20.71,13.42,7.13,59.28
JcalT2M1,cal,J,2,1,1,5.9,1.91,276.447,1.588,2.65,1,1,6.036,2.052,33.79,13.56,2.275,11.12,11.12,11.12,NA,82.01
JcalT2M1,cal,J,2,1,2,6,1.86,276.447,1.588,2.65,1,1,6.036,2.052,33.79,13.56,2.275,11.12,11.12,11.12,NA,82.01
JcalT2M1,cal,J,2,1,3,6.3,1.73,276.447,1.588,2.65,1,1,6.036,2.052,33.79,13.56,2.275,11.12,11.12,11.12,NA,82.01
JcalT2M1,cal,J,2,1,4,8.25,1.68,276.447,1.588,2.65,1,1,6.036,2.052,33.79,13.56,2.275,11.12,11.12,11.12,NA,82.01
JcalT2M1,cal,J,2,1,5,8.6,1.95,276.447,1.588,2.65,1,1,6.036,2.052,33.79,13.56,2.275,11.12,11.12,11.12,NA,82.01
JcalT2M1,cal,J,2,1,6,8.5,1.87,276.447,1.588,2.65,1,1,6.036,2.052,33.79,13.56,2.275,11.12,11.12,11.12,NA,82.01
