Full ID,Species,SppID,Hub,Transect,Mom,Wind_speed_1m,Wind_speed_10cm,Time,Day,prop_speed
IcalT1M2,L. californica,cal,I,1,2,5.7,2,09:19:00,5,0.3508771929824561
IcalT1M2,L. californica,cal,I,1,2,6.56,2.18,09:19:00,5,0.3323170731707317
IcalT1M2,L. californica,cal,I,1,2,9.14,2.54,09:19:00,5,0.27789934354485774
IcalT1M2,L. californica,cal,I,1,2,7.25,2.54,09:19:00,5,0.3503448275862069
IcalT1M2,L. californica,cal,I,1,2,6.39,2.18,09:19:00,5,0.34115805946791866
IglaT1M2,L. glaberrima,gla,I,1,2,7.08,1.86,09:13:00,5,0.2627118644067797
IglaT1M2,L. glaberrima,gla,I,1,2,3.94,1.29,09:13:00,5,0.3274111675126904
IglaT1M2,L. glaberrima,gla,I,1,2,4.47,2.36,09:13:00,5,0.5279642058165548
IglaT1M2,L. glaberrima,gla,I,1,2,6.04,2.54,09:13:00,5,0.4205298013245033
IglaT1M2,L. glaberrima,gla,I,1,2,3.42,2,09:13:00,5,0.5847953216374269
DcalT1M2,L. californica,cal,D,1,2,5.7,2.36,09:34:00,5,0.4140350877192982
DcalT1M2,L. californica,cal,D,1,2,4.47,2.71,09:34:00,5,0.6062639821029083
DcalT1M2,L. californica,cal,D,1,2,7.08,1.57,09:34:00,5,0.22175141242937854
DcalT1M2,L. californica,cal,D,1,2,5.87,2.54,09:34:00,5,0.43270868824531517
DcalT1M2,L. californica,cal,D,1,2,4.3,2.54,09:34:00,5,0.5906976744186047
DcalT2M2,L. californica,cal,D,2,2,6.56,1.72,09:41:00,5,0.2621951219512195
DcalT2M2,L. californica,cal,D,2,2,9.48,1.57,09:41:00,5,0.16561181434599156
DcalT2M2,L. californica,cal,D,2,2,7.25,1.72,09:41:00,5,0.23724137931034484
DcalT2M2,L. californica,cal,D,2,2,7.94,1.43,09:41:00,5,0.18010075566750627
DcalT2M2,L. californica,cal,D,2,2,5.7,2.54,09:41:00,5,0.4456140350877193
DcalT2M3,L. californica,cal,D,2,3,5.18,1.72,09:38:00,5,0.33204633204633205
DcalT2M3,L. californica,cal,D,2,3,6.39,1.15,09:38:00,5,0.17996870109546165
DcalT2M3,L. californica,cal,D,2,3,5.18,1.86,09:38:00,5,0.35907335907335913
DcalT2M3,L. californica,cal,D,2,3,8.11,1.86,09:38:00,5,0.22934648581997535
DcalT2M3,L. californica,cal,D,2,3,6.22,2.54,09:38:00,5,0.40836012861736337
DfreT1M2,L. fremontii,fre,D,1,2,8.45,1.72,10:15:00,5,0.20355029585798817
DfreT1M2,L. fremontii,fre,D,1,2,6.56,1.72,10:15:00,5,0.2621951219512195
DfreT1M2,L. fremontii,fre,D,1,2,7.25,1.86,10:15:00,5,0.25655172413793104
DfreT1M2,L. fremontii,fre,D,1,2,7.42,1.43,10:15:00,5,0.192722371967655
DfreT1M2,L. fremontii,fre,D,1,2,6.9,1.29,10:15:00,5,0.18695652173913044
BglaT2M3,L. glaberrima,gla,B,2,3,4.3,4.82,09:29:00,5,1.1209302325581396
BglaT2M3,L. glaberrima,gla,B,2,3,4.65,3.06,09:29:00,5,0.6580645161290323
BglaT2M3,L. glaberrima,gla,B,2,3,7.42,1.72,09:29:00,5,0.23180592991913745
BglaT2M3,L. glaberrima,gla,B,2,3,6.39,4.65,09:29:00,5,0.727699530516432
BglaT2M3,L. glaberrima,gla,B,2,3,7.25,3.24,09:29:00,5,0.44689655172413795
FcalT1M1,L. californica,cal,F,1,1,6.39,3.77,10:47:00,5,0.5899843505477309
FcalT1M1,L. californica,cal,F,1,1,9.14,2.18,10:47:00,5,0.23851203501094093
FcalT1M1,L. californica,cal,F,1,1,5.87,1.72,10:47:00,5,0.293015332197615
FcalT1M1,L. californica,cal,F,1,1,6.56,2.36,10:47:00,5,0.3597560975609756
FcalT1M1,L. californica,cal,F,1,1,8.11,1.86,10:47:00,5,0.22934648581997535
FcalT1M2,L. californica,cal,F,1,2,10.77,1.43,10:50:00,5,0.1327762302692665
FcalT1M2,L. californica,cal,F,1,2,8.62,1.72,10:50:00,5,0.19953596287703018
FcalT1M2,L. californica,cal,F,1,2,6.04,2,10:50:00,5,0.33112582781456956
FcalT1M2,L. californica,cal,F,1,2,5.87,1.86,10:50:00,5,0.31686541737649065
FcalT1M2,L. californica,cal,F,1,2,7.59,1.57,10:50:00,5,0.20685111989459817
FglaT1M1,L. glaberrima,gla,F,1,1,7.08,1.15,10:32:00,5,0.16242937853107342
FglaT1M1,L. glaberrima,gla,F,1,1,5.36,0.8,10:32:00,5,0.14925373134328357
FglaT1M1,L. glaberrima,gla,F,1,1,6.57,1.57,10:32:00,5,0.2389649923896499
FglaT1M1,L. glaberrima,gla,F,1,1,3.94,1.29,10:32:00,5,0.3274111675126904
FglaT1M1,L. glaberrima,gla,F,1,1,7.08,1.57,10:32:00,5,0.22175141242937854
CcalT1M3,L. californica,cal,C,1,3,7.76,1.15,11:02:00,5,0.1481958762886598
CcalT1M3,L. californica,cal,C,1,3,5.7,0.6,11:02:00,5,0.10526315789473684
CcalT1M3,L. californica,cal,C,1,3,8.5,1,11:02:00,5,0.11764705882352941
CcalT1M3,L. californica,cal,C,1,3,10,0.6,11:02:00,5,0.06
CcalT1M3,L. californica,cal,C,1,3,6.9,0.8,11:02:00,5,0.11594202898550725
CfreT1M1,L.fremontii,fre,C,1,1,7.94,1.15,10:58:00,5,0.14483627204030225
CfreT1M1,L.fremontii,fre,C,1,1,8.8,1.86,10:58:00,5,0.21136363636363636
CfreT1M1,L.fremontii,fre,C,1,1,11.53,2.18,10:58:00,5,0.189071986123157
CfreT1M1,L.fremontii,fre,C,1,1,7.59,2.89,10:58:00,5,0.38076416337285907
CfreT1M1,L.fremontii,fre,C,1,1,7.94,1,10:58:00,5,0.12594458438287154
CfreT2M1,L. fremontii,fre,C,2,1,7.25,1.15,10:53:00,5,0.1586206896551724
CfreT2M1,L. fremontii,fre,C,2,1,8.62,1.29,10:53:00,5,0.14965197215777265
CfreT2M1,L. fremontii,fre,C,2,1,6.04,0.8,10:53:00,5,0.13245033112582782
CfreT2M1,L. fremontii,fre,C,2,1,6.22,1,10:53:00,5,0.1607717041800643
CfreT2M1,L. fremontii,fre,C,2,1,5.87,1.29,10:53:00,5,0.21976149914821125
CfreT2M2,L. fremontii,fre,C,2,2,7.25,1.29,10:56:00,5,0.17793103448275863
CfreT2M2,L. fremontii,fre,C,2,2,8.45,1.29,10:56:00,5,0.15266272189349114
CfreT2M2,L. fremontii,fre,C,2,2,6.39,1.15,10:56:00,5,0.17996870109546165
CfreT2M2,L. fremontii,fre,C,2,2,10.58,0.6,10:56:00,5,0.05671077504725898
CfreT2M2,L. fremontii,fre,C,2,2,7.59,1,10:56:00,5,0.13175230566534915
HcalT1M2,L. californica,cal,H,1,2,5,2.36,11:12:00,5,0.472
HcalT1M2,L. californica,cal,H,1,2,5.18,1.86,11:12:00,5,0.35907335907335913
HcalT1M2,L. californica,cal,H,1,2,4.65,2,11:12:00,5,0.4301075268817204
HcalT1M2,L. californica,cal,H,1,2,7.25,1.86,11:12:00,5,0.25655172413793104
HcalT1M2,L. californica,cal,H,1,2,7.08,2.54,11:12:00,5,0.3587570621468927
HcalT1M3,L. californica,cal,H,1,3,6.56,1.15,11:15:00,5,0.17530487804878048
HcalT1M3,L. californica,cal,H,1,3,4.3,0.8,11:15:00,5,0.186046511627907
HcalT1M3,L. californica,cal,H,1,3,5.53,1.15,11:15:00,5,0.20795660036166363
HcalT1M3,L. californica,cal,H,1,3,4.82,1.72,11:15:00,5,0.3568464730290456
HcalT1M3,L. californica,cal,H,1,3,6.22,0.8,11:15:00,5,0.12861736334405147
HcalT2M2,L. californica,cal,H,2,2,5.36,0.8,11:17:00,5,0.14925373134328357
HcalT2M2,L. californica,cal,H,2,2,8.11,1.15,11:17:00,5,0.14180024660912455
HcalT2M2,L. californica,cal,H,2,2,6.56,0.8,11:17:00,5,0.12195121951219513
HcalT2M2,L. californica,cal,H,2,2,8.48,1,11:17:00,5,0.11792452830188678
HcalT2M2,L. californica,cal,H,2,2,7.42,1.15,11:17:00,5,0.1549865229110512
HfreT2M2,L. fremontii,fre,H,2,2,9.48,1.15,11:23:00,5,0.12130801687763712
HfreT2M2,L. fremontii,fre,H,2,2,5.7,0.6,11:23:00,5,0.10526315789473684
HfreT2M2,L. fremontii,fre,H,2,2,6.73,0.6,11:23:00,5,0.08915304606240712
HfreT2M2,L. fremontii,fre,H,2,2,11.53,0,11:23:00,5,0
HfreT2M2,L. fremontii,fre,H,2,2,5.87,1,11:23:00,5,0.17035775127768313
HglaT1M3,L. glaberrima,gla,H,1,3,5.53,1.57,11:29:00,5,0.28390596745027125
HglaT1M3,L. glaberrima,gla,H,1,3,7.25,1.57,11:29:00,5,0.21655172413793106
HglaT1M3,L. glaberrima,gla,H,1,3,3.94,2,11:29:00,5,0.5076142131979695
HglaT1M3,L. glaberrima,gla,H,1,3,6.56,1.43,11:29:00,5,0.21798780487804878
HglaT1M3,L. glaberrima,gla,H,1,3,9.14,2.18,11:29:00,5,0.23851203501094093
HglaT2M2,L. glaberrima,gla,H,2,2,5.53,1.72,11:32:00,5,0.31103074141048825
HglaT2M2,L. glaberrima,gla,H,2,2,7.42,1.29,11:32:00,5,0.1738544474393531
HglaT2M2,L. glaberrima,gla,H,2,2,6.04,1.72,11:32:00,5,0.2847682119205298
HglaT2M2,L. glaberrima,gla,H,2,2,10,2.18,11:32:00,5,0.21800000000000003
HglaT2M2,L. glaberrima,gla,H,2,2,7.94,2,11:32:00,5,0.2518891687657431
EcalT1M2,L. califonica,cal,E,1,2,8.28,1.29,11:08:00,5,0.1557971014492754
EcalT1M2,L. califonica,cal,E,1,2,8.8,1,11:08:00,5,0.11363636363636363
EcalT1M2,L. califonica,cal,E,1,2,8.45,1.15,11:08:00,5,0.13609467455621302
EcalT1M2,L. califonica,cal,E,1,2,7.94,1.29,11:08:00,5,0.1624685138539043
EcalT1M2,L. califonica,cal,E,1,2,8.62,1.15,11:08:00,5,0.13341067285382832
GcalT2M3,L. californica,cal,G,2,3,5.53,0.6,11:45:00,5,0.10849909584086799
GcalT2M3,L. californica,cal,G,2,3,6.56,0.2,11:45:00,5,0.030487804878048783
GcalT2M3,L. californica,cal,G,2,3,9.31,0.2,11:45:00,5,0.021482277121374866
GcalT2M3,L. californica,cal,G,2,3,7.43,0.4,11:45:00,5,0.05383580080753702
GcalT2M3,L. californica,cal,G,2,3,7.59,0.6,11:45:00,5,0.07905138339920949
GfreT2M1,L. fremontii,fre,G,2,1,5.87,1,11:41:00,5,0.17035775127768313
GfreT2M1,L. fremontii,fre,G,2,1,4.82,1.43,11:41:00,5,0.29668049792531115
GfreT2M1,L. fremontii,fre,G,2,1,5.7,1.29,11:41:00,5,0.22631578947368422
GfreT2M1,L. fremontii,fre,G,2,1,5.7,1.29,11:41:00,5,0.22631578947368422
GfreT2M1,L. fremontii,fre,G,2,1,7.25,1,11:41:00,5,0.13793103448275862
AcalT1M2,L. californica,cal,A,1,2,3.59,0.2,14:58:00,8,0.05571030640668524
AcalT1M2,L. californica,cal,A,1,2,4.82,0,14:58:00,8,0
AcalT1M2,L. californica,cal,A,1,2,3.77,0.2,14:58:00,8,0.05305039787798409
AcalT1M2,L. californica,cal,A,1,2,4.47,0.4,14:58:00,8,0.0894854586129754
AcalT1M2,L. californica,cal,A,1,2,2.36,0.4,14:58:00,8,0.16949152542372883
IcalT2M2,L. californica,cal,I,2,2,3.59,0.8,15:24:00,8,0.22284122562674097
IcalT2M2,L. californica,cal,I,2,2,5.36,1.29,15:24:00,8,0.24067164179104478
IcalT2M2,L. californica,cal,I,2,2,2.89,1.15,15:24:00,8,0.3979238754325259
IcalT2M2,L. californica,cal,I,2,2,4.12,1.29,15:24:00,8,0.3131067961165049
IcalT2M2,L. californica,cal,I,2,2,3.59,1.15,15:24:00,8,0.3203342618384401
AcalT2M2,L. californica,cal,A,2,2,3.77,0,15:00:00,8,0
AcalT2M2,L. californica,cal,A,2,2,3.06,0.4,15:00:00,8,0.13071895424836602
AcalT2M2,L. californica,cal,A,2,2,4.65,1,15:00:00,8,0.2150537634408602
AcalT2M2,L. californica,cal,A,2,2,4.12,1,15:00:00,8,0.24271844660194175
AcalT2M2,L. californica,cal,A,2,2,4.12,0.6,15:00:00,8,0.14563106796116504
AcalT2M1,L. californica,cal,A,2,1,2.71,0.6,15:03:00,8,0.22140221402214022
AcalT2M1,L. californica,cal,A,2,1,5.36,1,15:03:00,8,0.18656716417910446
AcalT2M1,L. californica,cal,A,2,1,3.59,0.8,15:03:00,8,0.22284122562674097
AcalT2M1,L. californica,cal,A,2,1,2.36,0.4,15:03:00,8,0.16949152542372883
AcalT2M1,L. californica,cal,A,2,1,3.77,1.15,15:03:00,8,0.30503978779840846
IfreT1M1,L. fremontii,fre,I,1,1,4.12,1.29,15:13:00,8,0.3131067961165049
IfreT1M1,L. fremontii,fre,I,1,1,3.94,0.8,15:13:00,8,0.20304568527918784
IfreT1M1,L. fremontii,fre,I,1,1,4.82,1,15:13:00,8,0.20746887966804978
IfreT1M1,L. fremontii,fre,I,1,1,5.18,1.15,15:13:00,8,0.222007722007722
IfreT1M1,L. fremontii,fre,I,1,1,3.94,1,15:13:00,8,0.25380710659898476
IfreT2M3,L. fremontii,fre,I,2,3,4.82,1.15,15:21:00,8,0.23858921161825722
IfreT2M3,L. fremontii,fre,I,2,3,5.36,1.15,15:21:00,8,0.21455223880597013
IfreT2M3,L. fremontii,fre,I,2,3,5,1.15,15:21:00,8,0.22999999999999998
IfreT2M3,L. fremontii,fre,I,2,3,4.82,1.43,15:21:00,8,0.29668049792531115
IfreT2M3,L. fremontii,fre,I,2,3,6.22,1.57,15:21:00,8,0.252411575562701
IglaT1M1,L. glaberrima,gla,I,1,1,4.47,1.48,15:09:00,8,0.33109619686800895
IglaT1M1,L. glaberrima,gla,I,1,1,3.42,1.43,15:09:00,8,0.41812865497076024
IglaT1M1,L. glaberrima,gla,I,1,1,4.12,1,15:09:00,8,0.24271844660194175
IglaT1M1,L. glaberrima,gla,I,1,1,5.36,1.86,15:09:00,8,0.34701492537313433
IglaT2M2,L. glaberrima,gla,I,2,2,5.87,1,15:16:00,8,0.17035775127768313
IglaT2M2,L. glaberrima,gla,I,2,2,3.94,1,15:16:00,8,0.25380710659898476
IglaT2M2,L. glaberrima,gla,I,2,2,3.77,1.15,15:16:00,8,0.30503978779840846
IglaT2M2,L. glaberrima,gla,I,2,2,3.77,1,15:16:00,8,0.26525198938992045
IglaT2M2,L. glaberrima,gla,I,2,2,5,1.15,15:16:00,8,0.22999999999999998
DcalT1M1,L. californica,cal,D,1,1,3.77,0.6,15:49:00,8,0.15915119363395225
DcalT1M1,L. californica,cal,D,1,1,5.7,1.29,15:49:00,8,0.22631578947368422
DcalT1M1,L. californica,cal,D,1,1,5.53,1.72,15:49:00,8,0.31103074141048825
DcalT1M1,L. californica,cal,D,1,1,5.53,1.29,15:49:00,8,0.2332730560578662
DcalT1M1,L. californica,cal,D,1,1,4.65,1.29,15:49:00,8,0.27741935483870966
DfreT1M1,L. fremontii,fre,D,1,1,3.06,0.8,15:30:00,8,0.26143790849673204
DfreT1M1,L. fremontii,fre,D,1,1,5.36,1.15,15:30:00,8,0.21455223880597013
DfreT1M1,L. fremontii,fre,D,1,1,4.47,1.15,15:30:00,8,0.25727069351230425
DfreT1M1,L. fremontii,fre,D,1,1,3.77,0.6,15:30:00,8,0.15915119363395225
DfreT1M1,L. fremontii,fre,D,1,1,5.18,1,15:30:00,8,0.19305019305019305
DfreT2M1,L. fremontii,fre,D,2,1,6.73,1.72,15:38:00,8,0.2555720653789004
DfreT2M1,L. fremontii,fre,D,2,1,4.82,2.36,15:38:00,8,0.48962655601659744
DfreT2M1,L. fremontii,fre,D,2,1,4.12,2.54,15:38:00,8,0.616504854368932
DfreT2M1,L. fremontii,fre,D,2,1,3.59,1.15,15:38:00,8,0.3203342618384401
DfreT2M1,L. fremontii,fre,D,2,1,4.47,1.86,15:38:00,8,0.41610738255033564
DfreT2M2,L. fremontii,fre,D,2,2,5,1.29,15:33:00,8,0.258
DfreT2M2,L. fremontii,fre,D,2,2,3.59,1.29,15:33:00,8,0.3593314763231198
DfreT2M2,L. fremontii,fre,D,2,2,6.22,1.57,15:33:00,8,0.252411575562701
DfreT2M2,L. fremontii,fre,D,2,2,6.22,1.86,15:33:00,8,0.2990353697749196
DfreT2M2,L. fremontii,fre,D,2,2,5.7,1.43,15:33:00,8,0.25087719298245614
DfreT2M3,L. fremontii,fre,D,2,3,6.9,1.86,15:35:00,8,0.26956521739130435
DfreT2M3,L. fremontii,fre,D,2,3,5.7,1.86,15:35:00,8,0.3263157894736842
DfreT2M3,L. fremontii,fre,D,2,3,6.9,2.71,15:35:00,8,0.3927536231884058
DfreT2M3,L. fremontii,fre,D,2,3,3.77,1.15,15:35:00,8,0.30503978779840846
DfreT2M3,L. fremontii,fre,D,2,3,5.7,1.86,15:35:00,8,0.3263157894736842
DglaT2M2,L. glaberrima,gla,D,2,2,6.39,0.2,15:43:00,8,0.03129890453834116
DglaT2M2,L. glaberrima,gla,D,2,2,3.77,0,15:43:00,8,0
DglaT2M2,L. glaberrima,gla,D,2,2,4.82,0,15:43:00,8,0
DglaT2M2,L. glaberrima,gla,D,2,2,4.12,0,15:43:00,8,0
DglaT2M2,L. glaberrima,gla,D,2,2,5.18,0,15:43:00,8,0
BcalT2M2,L. californica,cal,B,2,2,4.12,1.43,15:54:00,8,0.34708737864077666
BcalT2M2,L. californica,cal,B,2,2,3.59,1.15,15:54:00,8,0.3203342618384401
BcalT2M2,L. californica,cal,B,2,2,2.89,1.29,15:54:00,8,0.4463667820069204
BcalT2M2,L. californica,cal,B,2,2,3.59,1.57,15:54:00,8,0.43732590529247917
BcalT2M2,L. californica,cal,B,2,2,4.12,1.72,15:54:00,8,0.4174757281553398
BfreT1M1,L. fremontii,fre,B,1,1,6.56,1.29,16:02:00,8,0.19664634146341464
BfreT1M1,L. fremontii,fre,B,1,1,5.53,1.29,16:02:00,8,0.2332730560578662
BfreT1M1,L. fremontii,fre,B,1,1,3.42,0.8,16:02:00,8,0.23391812865497078
BfreT1M1,L. fremontii,fre,B,1,1,4.47,0.8,16:02:00,8,0.1789709172259508
BfreT1M1,L. fremontii,fre,B,1,1,6.04,1.15,16:02:00,8,0.19039735099337746
BfreT1M2,L. fremontii,fre,B,1,2,4.47,1.86,15:57:00,8,0.41610738255033564
BfreT1M2,L. fremontii,fre,B,1,2,6.39,1.86,15:57:00,8,0.2910798122065728
BfreT1M2,L. fremontii,fre,B,1,2,5,1.15,15:57:00,8,0.22999999999999998
BfreT1M2,L. fremontii,fre,B,1,2,4.12,1.15,15:57:00,8,0.279126213592233
BfreT1M2,L. fremontii,fre,B,1,2,6.22,1.86,15:57:00,8,0.2990353697749196
JcalT2M1,L. californica,cal,J,2,1,3.94,1.15,16:19:00,8,0.2918781725888325
JcalT2M1,L. californica,cal,J,2,1,6.39,2.71,16:19:00,8,0.4241001564945227
JcalT2M1,L. californica,cal,J,2,1,5.7,1.86,16:19:00,8,0.3263157894736842
JcalT2M1,L. californica,cal,J,2,1,7.59,2.18,16:19:00,8,0.2872200263504612
JcalT2M1,L. californica,cal,J,2,1,6.56,2.36,16:19:00,8,0.3597560975609756
JcalT2M3,L. californica,cal,J,2,3,7.08,2.36,16:21:00,8,0.3333333333333333
JcalT2M3,L. californica,cal,J,2,3,7.42,2.18,16:21:00,8,0.29380053908355797
JcalT2M3,L. californica,cal,J,2,3,7.59,2.36,16:21:00,8,0.31093544137022394
JcalT2M3,L. californica,cal,J,2,3,5.7,1.29,16:21:00,8,0.22631578947368422
JcalT2M3,L. californica,cal,J,2,3,7.08,2,16:21:00,8,0.2824858757062147
FfreT1M3,L. fremontii,fre,F,1,3,2.54,1.43,16:15:00,8,0.562992125984252
FfreT1M3,L. fremontii,fre,F,1,3,3.77,2,16:15:00,8,0.5305039787798409
FfreT1M3,L. fremontii,fre,F,1,3,7.42,1.72,16:15:00,8,0.23180592991913745
FfreT1M3,L. fremontii,fre,F,1,3,4.82,1.29,16:15:00,8,0.2676348547717842
FglaT2M3,L. glaberrima,gla,F,2,3,3.94,1.72,16:08:00,8,0.4365482233502538
FglaT2M3,L. glaberrima,gla,F,2,3,4.47,2.18,16:08:00,8,0.4876957494407159
FglaT2M3,L. glaberrima,gla,F,2,3,2.71,1.86,16:08:00,8,0.6863468634686347
FglaT2M3,L. glaberrima,gla,F,2,3,3.59,2,16:08:00,8,0.5571030640668524
FglaT2M3,L. glaberrima,gla,F,2,3,3.94,2,16:08:00,8,0.5076142131979695
AcalT2M3,L. californica,cal,A,2,3,5.36,1.29,07:12:00,14,0.24067164179104478
AcalT2M3,L. californica,cal,A,2,3,6.04,1.15,07:12:00,14,0.19039735099337746
AcalT2M3,L. californica,cal,A,2,3,6.73,1.86,07:12:00,14,0.2763744427934621
AcalT2M3,L. californica,cal,A,2,3,5.87,1.86,07:12:00,14,0.31686541737649065
AcalT2M3,L. californica,cal,A,2,3,4.65,1,07:12:00,14,0.2150537634408602
AfreT2M1,L. fremontii,fre,A,2,1,5.36,1.43,06:54:00,14,0.26679104477611937
AfreT2M1,L. fremontii,fre,A,2,1,6.9,1.86,06:54:00,14,0.26956521739130435
AfreT2M1,L. fremontii,fre,A,2,1,4.47,1.43,06:54:00,14,0.319910514541387
AfreT2M1,L. fremontii,fre,A,2,1,4.12,1.43,06:54:00,14,0.34708737864077666
AfreT2M1,L. fremontii,fre,A,2,1,4.82,1.29,06:54:00,14,0.2676348547717842
AfreT2M3,L. fremontii,fre,A,2,3,4.3,2.71,06:51:00,14,0.6302325581395349
AfreT2M3,L. fremontii,fre,A,2,3,4.3,1.57,06:51:00,14,0.36511627906976746
AfreT2M3,L. fremontii,fre,A,2,3,6.56,2.71,06:51:00,14,0.413109756097561
AfreT2M3,L. fremontii,fre,A,2,3,8.11,3.24,06:51:00,14,0.39950678175092486
AfreT2M3,L. fremontii,fre,A,2,3,5.36,2.36,06:51:00,14,0.4402985074626865
AglaT1M2,L. glaberrima,gla,A,1,2,3.06,1,07:00:00,14,0.32679738562091504
AglaT1M2,L. glaberrima,gla,A,1,2,5.7,1.57,07:00:00,14,0.2754385964912281
AglaT1M2,L. glaberrima,gla,A,1,2,5.7,2,07:00:00,14,0.3508771929824561
AglaT1M2,L. glaberrima,gla,A,1,2,3.27,1.15,07:00:00,14,0.3516819571865443
AglaT1M2,L. glaberrima,gla,A,1,2,3.59,1.15,07:00:00,14,0.3203342618384401
AglaT2M1,L. glaberrima,gla,A,2,1,3.59,1.57,07:04:00,14,0.43732590529247917
AglaT2M1,L. glaberrima,gla,A,2,1,5.7,2,07:04:00,14,0.3508771929824561
AglaT2M1,L. glaberrima,gla,A,2,1,4.47,2.36,07:04:00,14,0.5279642058165548
AglaT2M1,L. glaberrima,gla,A,2,1,3.06,1.43,07:04:00,14,0.46732026143790845
AglaT2M1,L. glaberrima,gla,A,2,1,5.7,2.18,07:04:00,14,0.3824561403508772
IcalT1M3,L. californica,cal,I,1,3,6.04,1.15,07:30:00,14,0.19039735099337746
IcalT1M3,L. californica,cal,I,1,3,7.76,1.43,07:30:00,14,0.1842783505154639
IcalT1M3,L. californica,cal,I,1,3,6.39,1.43,07:30:00,14,0.2237871674491393
IcalT1M3,L. californica,cal,I,1,3,9.14,2,07:30:00,14,0.2188183807439825
IcalT1M3,L. californica,cal,I,1,3,6.04,1.43,07:30:00,14,0.2367549668874172
IcalT2M3,L. californica,cal,I,2,3,6.9,2.71,07:33:00,14,0.3927536231884058
IcalT2M3,L. californica,cal,I,2,3,8.28,2.54,07:33:00,14,0.3067632850241546
IcalT2M3,L. californica,cal,I,2,3,5.53,2.36,07:33:00,14,0.42676311030741404
IcalT2M3,L. californica,cal,I,2,3,6.39,3.59,07:33:00,14,0.5618153364632238
IcalT2M3,L. californica,cal,I,2,3,7.59,2.89,07:33:00,14,0.38076416337285907
IfreT1M2,L. fremontii,fre,I,1,2,6.56,2.71,07:21:00,14,0.413109756097561
IfreT1M2,L. fremontii,fre,I,1,2,6.22,2.89,07:21:00,14,0.4646302250803859
IfreT1M2,L. fremontii,fre,I,1,2,7.76,2.89,07:21:00,14,0.37242268041237114
IfreT1M2,L. fremontii,fre,I,1,2,5.7,2,07:21:00,14,0.3508771929824561
IfreT1M2,L. fremontii,fre,I,1,2,5.87,1.86,07:21:00,14,0.31686541737649065
IglaT1M3,L. glaberrima,gla,I,1,3,6.73,2.89,07:18:00,14,0.4294205052005943
IglaT1M3,L. glaberrima,gla,I,1,3,8.62,3.59,07:18:00,14,0.41647331786542924
IglaT1M3,L. glaberrima,gla,I,1,3,10.2,3.59,07:18:00,14,0.3519607843137255
IglaT1M3,L. glaberrima,gla,I,1,3,8.8,2.89,07:18:00,14,0.3284090909090909
IglaT1M3,L. glaberrima,gla,I,1,3,5.7,3.06,07:18:00,14,0.5368421052631579
IglaT2M1,L. glaberrima,gla,I,2,1,5.36,1.29,07:23:00,14,0.24067164179104478
IglaT2M1,L. glaberrima,gla,I,2,1,6.22,1.43,07:23:00,14,0.22990353697749197
IglaT2M1,L. glaberrima,gla,I,2,1,5.53,1.72,07:23:00,14,0.31103074141048825
IglaT2M1,L. glaberrima,gla,I,2,1,5,1.43,07:23:00,14,0.286
IglaT2M1,L. glaberrima,gla,I,2,1,5.87,1.72,07:23:00,14,0.293015332197615
DglaT1M1,L. glaberrima,gla,D,1,1,6.56,1.86,07:45:00,14,0.2835365853658537
DglaT1M1,L. glaberrima,gla,D,1,1,4.65,2.71,07:45:00,14,0.5827956989247312
DglaT1M1,L. glaberrima,gla,D,1,1,5.53,2.54,07:45:00,14,0.4593128390596745
DglaT1M1,L. glaberrima,gla,D,1,1,7.94,3.42,07:45:00,14,0.43073047858942065
DglaT1M1,L. glaberrima,gla,D,1,1,5.87,3.77,07:45:00,14,0.6422487223168654
DglaT1M2,L. glaberrima,gla,D,1,2,8.11,2.18,07:48:00,14,0.26880394574599265
DglaT1M2,L. glaberrima,gla,D,1,2,6.04,1.86,07:48:00,14,0.3079470198675497
DglaT1M2,L. glaberrima,gla,D,1,2,5.18,2.18,07:48:00,14,0.4208494208494209
DglaT1M2,L. glaberrima,gla,D,1,2,7.25,2,07:48:00,14,0.27586206896551724
DglaT1M2,L. glaberrima,gla,D,1,2,5.53,1.86,07:48:00,14,0.33634719710669075
BcalT1M2,L. californica,cal,B,1,2,8.8,2,08:11:00,14,0.22727272727272727
BcalT1M2,L. californica,cal,B,1,2,4.3,1.86,08:11:00,14,0.43255813953488376
BcalT1M2,L. californica,cal,B,1,2,5.53,2,08:11:00,14,0.3616636528028933
BcalT1M2,L. californica,cal,B,1,2,5.18,1.86,08:11:00,14,0.35907335907335913
BcalT1M2,L. californica,cal,B,1,2,7.42,2.18,08:11:00,14,0.29380053908355797
BcalT1M1,L. californica,cal,B,1,1,3.94,1.43,08:14:00,14,0.3629441624365482
BcalT1M1,L. californica,cal,B,1,1,8.11,2.36,08:14:00,14,0.2909987669543773
BcalT1M1,L. californica,cal,B,1,1,4.12,1.15,08:14:00,14,0.279126213592233
BcalT1M1,L. californica,cal,B,1,1,3.77,1,08:14:00,14,0.26525198938992045
BcalT1M1,L. californica,cal,B,1,1,6.04,1.57,08:14:00,14,0.2599337748344371
BcalT2M1,L. californica,cal,B,2,1,4.12,1,08:17:00,14,0.24271844660194175
BcalT2M1,L. californica,cal,B,2,1,4.3,0.8,08:17:00,14,0.186046511627907
BcalT2M1,L. californica,cal,B,2,1,6.22,1.72,08:17:00,14,0.2765273311897106
BcalT2M1,L. californica,cal,B,2,1,3.42,1.15,08:17:00,14,0.3362573099415204
BcalT2M1,L. californica,cal,B,2,1,4.82,1.15,08:17:00,14,0.23858921161825722
JglaT2M1,L. glaberrima,gla,J,2,1,5,1,08:49:00,14,0.2
JglaT2M1,L. glaberrima,gla,J,2,1,5.7,2.18,08:49:00,14,0.3824561403508772
JglaT2M1,L. glaberrima,gla,J,2,1,6.39,1.86,08:49:00,14,0.2910798122065728
JglaT2M1,L. glaberrima,gla,J,2,1,5.18,1.72,08:49:00,14,0.33204633204633205
JglaT2M1,L. glaberrima,gla,J,2,1,3.77,0.8,08:49:00,14,0.21220159151193635
FcalT2M2,L. californica,cal,F,2,2,9.48,4.82,09:22:00,14,0.5084388185654009
FcalT2M2,L. californica,cal,F,2,2,4.82,2.18,09:22:00,14,0.45228215767634855
FcalT2M2,L. californica,cal,F,2,2,9.66,2.71,09:22:00,14,0.2805383022774327
FcalT2M2,L. californica,cal,F,2,2,6.39,3.77,09:22:00,14,0.5899843505477309
FcalT2M2,L. californica,cal,F,2,2,4.65,2,09:22:00,14,0.4301075268817204
FglaT2M1,L. glaberrima,gla,F,2,1,5.18,2,08:43:00,14,0.3861003861003861
FglaT2M1,L. glaberrima,gla,F,2,1,5.18,2.71,08:43:00,14,0.5231660231660232
FglaT2M1,L. glaberrima,gla,F,2,1,6.22,2.18,08:43:00,14,0.35048231511254024
FglaT2M1,L. glaberrima,gla,F,2,1,2.89,1.15,08:43:00,14,0.3979238754325259
FglaT2M1,L. glaberrima,gla,F,2,1,3.59,2.18,08:43:00,14,0.6072423398328691
FglaT2M2,L. glaberrima,gla,F,2,2,6.9,1.43,08:47:00,14,0.2072463768115942
FglaT2M2,L. glaberrima,gla,F,2,2,2.71,0.6,08:47:00,14,0.22140221402214022
FglaT2M2,L. glaberrima,gla,F,2,2,5.7,0.8,08:47:00,14,0.14035087719298245
FglaT2M2,L. glaberrima,gla,F,2,2,7.08,1.15,08:47:00,14,0.16242937853107342
FglaT2M2,L. glaberrima,gla,F,2,2,2.71,0.6,08:47:00,14,0.22140221402214022
CcalT2M1,L. californica,cal,C,2,1,7.08,1.15,09:50:00,14,0.16242937853107342
CcalT2M1,L. californica,cal,C,2,1,6.56,1.43,09:50:00,14,0.21798780487804878
CcalT2M1,L. californica,cal,C,2,1,10.39,2,09:50:00,14,0.19249278152069296
CcalT2M1,L. californica,cal,C,2,1,4.65,1,09:50:00,14,0.2150537634408602
CcalT2M1,L. californica,cal,C,2,1,6.22,1.43,09:50:00,14,0.22990353697749197
CcalT2M2,L. californica,cal,C,2,2,7.59,0.8,09:46:00,14,0.10540184453227933
CcalT2M2,L. californica,cal,C,2,2,6.73,1.15,09:46:00,14,0.17087667161961365
CcalT2M2,L. californica,cal,C,2,2,7.08,1.29,09:46:00,14,0.1822033898305085
CcalT2M2,L. californica,cal,C,2,2,5.87,1.43,09:46:00,14,0.24361158432708688
CcalT2M2,L. californica,cal,C,2,2,6.73,1.29,09:46:00,14,0.19167904903417532
CcalT2M3,L. californica,cal,C,2,3,6.22,1.57,09:48:00,14,0.252411575562701
CcalT2M3,L. californica,cal,C,2,3,5.53,1.29,09:48:00,14,0.2332730560578662
CcalT2M3,L. californica,cal,C,2,3,6.39,2,09:48:00,14,0.3129890453834116
CcalT2M3,L. californica,cal,C,2,3,8.8,3.06,09:48:00,14,0.3477272727272727
CcalT2M3,L. californica,cal,C,2,3,5.87,1.43,09:48:00,14,0.24361158432708688
CglaT1M1,L. glaberrima,gla,C,1,1,12.48,2.71,09:39:00,14,0.21714743589743588
CglaT1M1,L. glaberrima,gla,C,1,1,6.73,2.71,09:39:00,14,0.40267459138187217
CglaT1M1,L. glaberrima,gla,C,1,1,11.72,2.18,09:39:00,14,0.18600682593856654
CglaT1M1,L. glaberrima,gla,C,1,1,6.22,2,09:39:00,14,0.3215434083601286
CglaT1M1,L. glaberrima,gla,C,1,1,7.08,2.54,09:39:00,14,0.3587570621468927
CglaT1M2,L. glaberrima,gla,C,1,2,9.48,4.65,09:36:00,14,0.49050632911392406
CglaT1M2,L. glaberrima,gla,C,1,2,6.56,3.42,09:36:00,14,0.5213414634146342
CglaT1M2,L. glaberrima,gla,C,1,2,5.87,3.24,09:36:00,14,0.5519591141396933
CglaT1M2,L. glaberrima,gla,C,1,2,7.76,3.06,09:36:00,14,0.39432989690721654
CglaT1M2,L. glaberrima,gla,C,1,2,6.39,3.24,09:36:00,14,0.5070422535211269
CglaT1M3,L. glaberrima,gla,C,1,3,9.14,2.89,09:35:00,14,0.3161925601750547
CglaT1M3,L. glaberrima,gla,C,1,3,9.14,3.24,09:35:00,14,0.3544857768052516
CglaT1M3,L. glaberrima,gla,C,1,3,8.45,3.24,09:35:00,14,0.38343195266272195
CglaT1M3,L. glaberrima,gla,C,1,3,6.9,2.71,09:35:00,14,0.3927536231884058
CglaT1M3,L. glaberrima,gla,C,1,3,6.9,2.54,09:35:00,14,0.3681159420289855
HcalT1M1,L. californica,cal,H,1,1,6.39,2.54,09:58:00,14,0.3974960876369327
HcalT1M1,L. californica,cal,H,1,1,9.48,2.18,09:58:00,14,0.229957805907173
HcalT1M1,L. californica,cal,H,1,1,7.08,2.36,09:58:00,14,0.3333333333333333
HcalT1M1,L. californica,cal,H,1,1,6.9,3.06,09:58:00,14,0.4434782608695652
HcalT1M1,L. californica,cal,H,1,1,7.25,2.89,09:58:00,14,0.39862068965517244
HfreT1M1,L. fremontii,fre,H,1,1,6.56,2.36,10:01:00,14,0.3597560975609756
HfreT1M1,L. fremontii,fre,H,1,1,8.28,2.54,10:01:00,14,0.3067632850241546
HfreT1M1,L. fremontii,fre,H,1,1,7.59,2.89,10:01:00,14,0.38076416337285907
HfreT1M1,L. fremontii,fre,H,1,1,8.8,2.89,10:01:00,14,0.3284090909090909
HfreT1M1,L. fremontii,fre,H,1,1,9.14,3.06,10:01:00,14,0.3347921225382932
HfreT2M1,L. fremontii,fre,H,2,1,5.53,1.72,10:08:00,14,0.31103074141048825
HfreT2M1,L. fremontii,fre,H,2,1,7.25,2,10:08:00,14,0.27586206896551724
HfreT2M1,L. fremontii,fre,H,2,1,7.42,2.71,10:08:00,14,0.36522911051212936
HfreT2M1,L. fremontii,fre,H,2,1,6.22,1.72,10:08:00,14,0.2765273311897106
HfreT2M1,L. fremontii,fre,H,2,1,9.66,3.06,10:08:00,14,0.3167701863354037
EcalT1M1,L. californica,cal,E,1,1,7.59,1.43,10:25:00,14,0.18840579710144928
EcalT1M1,L. californica,cal,E,1,1,4.82,2,10:25:00,14,0.41493775933609955
EcalT1M1,L. californica,cal,E,1,1,9.48,3.06,10:25:00,14,0.3227848101265823
EcalT1M1,L. californica,cal,E,1,1,5.18,1.43,10:25:00,14,0.27606177606177607
EcalT1M1,L. californica,cal,E,1,1,7.06,1.86,10:25:00,14,0.2634560906515581
EcalT1M3,L. californica,cal,E,1,3,8.62,1.72,10:27:00,14,0.19953596287703018
EcalT1M3,L. californica,cal,E,1,3,11.34,1.72,10:27:00,14,0.15167548500881833
EcalT1M3,L. californica,cal,E,1,3,7.08,1.15,10:27:00,14,0.16242937853107342
EcalT1M3,L. californica,cal,E,1,3,3.94,1,10:27:00,14,0.25380710659898476
EcalT1M3,L. californica,cal,E,1,3,8.11,1.15,10:27:00,14,0.14180024660912455
EcalT2M1,L. californica,cal,E,2,1,7.42,2.36,10:36:00,14,0.31805929919137466
EcalT2M1,L. californica,cal,E,2,1,9.14,2,10:36:00,14,0.2188183807439825
EcalT2M1,L. californica,cal,E,2,1,6.04,1.72,10:36:00,14,0.2847682119205298
EcalT2M1,L. californica,cal,E,2,1,7.25,2.36,10:36:00,14,0.3255172413793103
EcalT2M1,L. californica,cal,E,2,1,6.9,1.43,10:36:00,14,0.2072463768115942
EcalT2M3,L. californica,cal,E,2,3,8.28,1.43,10:34:00,14,0.17270531400966185
EcalT2M3,L. californica,cal,E,2,3,9.83,3.59,10:34:00,14,0.3652085452695829
EcalT2M3,L. californica,cal,E,2,3,7.25,1.72,10:34:00,14,0.23724137931034484
EcalT2M3,L. californica,cal,E,2,3,9.31,2.36,10:34:00,14,0.25349087003222337
EcalT2M3,L. californica,cal,E,2,3,5.36,1.72,10:34:00,14,0.3208955223880597
EfreT1M3,L. fremontii,fre,E,1,3,5.87,2.36,10:41:00,14,0.4020442930153322
EfreT1M3,L. fremontii,fre,E,1,3,7.42,2.18,10:41:00,14,0.29380053908355797
EfreT1M3,L. fremontii,fre,E,1,3,7.25,2.54,10:41:00,14,0.3503448275862069
EfreT1M3,L. fremontii,fre,E,1,3,6.39,2.18,10:41:00,14,0.34115805946791866
EfreT1M3,L. fremontii,fre,E,1,3,6.22,1.86,10:41:00,14,0.2990353697749196
EglaT2M3,L. glaberrima,gla,E,2,3,6.39,3.77,10:49:00,14,0.5899843505477309
EglaT2M3,L. glaberrima,gla,E,2,3,7.42,3.24,10:49:00,14,0.4366576819407008
EglaT2M3,L. glaberrima,gla,E,2,3,6.56,2.89,10:49:00,14,0.44054878048780494
EglaT2M3,L. glaberrima,gla,E,2,3,6.04,2.36,10:49:00,14,0.39072847682119205
EglaT2M3,L. glaberrima,gla,E,2,3,6.73,2.89,10:49:00,14,0.4294205052005943
GcalT1M3,L. californica,cal,G,1,3,5.53,1.15,11:04:00,14,0.20795660036166363
GcalT1M3,L. californica,cal,G,1,3,6.56,1.43,11:04:00,14,0.21798780487804878
GcalT1M3,L. californica,cal,G,1,3,4.47,0.6,11:04:00,14,0.1342281879194631
GcalT1M3,L. californica,cal,G,1,3,6.22,1.57,11:04:00,14,0.252411575562701
GcalT1M3,L. californica,cal,G,1,3,6.04,1.57,11:04:00,14,0.2599337748344371
GfreT2M2,L. fremontii,fre,G,2,2,6.56,3.77,11:00:00,14,0.5746951219512195
GfreT2M2,L. fremontii,fre,G,2,2,7.59,4.12,11:00:00,14,0.5428194993412385
GfreT2M2,L. fremontii,fre,G,2,2,4.82,3.42,11:00:00,14,0.7095435684647302
GfreT2M2,L. fremontii,fre,G,2,2,5.7,2.18,11:00:00,14,0.3824561403508772
GfreT2M2,L. fremontii,fre,G,2,2,7.08,2.71,11:00:00,14,0.3827683615819209
GglaT2M3,L. glaberrima,gla,G,2,3,4.47,1.86,11:17:00,14,0.41610738255033564
GglaT2M3,L. glaberrima,gla,G,2,3,6.56,1.86,11:17:00,14,0.2835365853658537
GglaT2M3,L. glaberrima,gla,G,2,3,5.36,2.36,11:17:00,14,0.4402985074626865
GglaT2M3,L. glaberrima,gla,G,2,3,7.08,2.54,11:17:00,14,0.3587570621468927
GglaT2M3,L. glaberrima,gla,G,2,3,7.25,2.54,11:17:00,14,0.3503448275862069
AcalT1M1,L. californica,cal,A,1,1,2.89,0.6,10:02:00,17,0.20761245674740483
AcalT1M1,L. californica,cal,A,1,1,5.7,1.15,10:02:00,17,0.20175438596491227
AcalT1M1,L. californica,cal,A,1,1,4.12,1,10:02:00,17,0.24271844660194175
AcalT1M1,L. californica,cal,A,1,1,4.82,0.6,10:02:00,17,0.12448132780082986
AcalT1M1,L. californica,cal,A,1,1,4.47,1.15,10:02:00,17,0.25727069351230425
AfreT1M1,L. fremontii,fre,A,1,1,4.12,2.71,09:53:00,17,0.6577669902912621
AfreT1M1,L. fremontii,fre,A,1,1,4.82,2.36,09:53:00,17,0.48962655601659744
AfreT1M1,L. fremontii,fre,A,1,1,4.65,1.72,09:53:00,17,0.36989247311827955
AfreT1M1,L. fremontii,fre,A,1,1,5.18,3.24,09:53:00,17,0.6254826254826256
AfreT1M1,L. fremontii,fre,A,1,1,5.53,3.06,09:53:00,17,0.5533453887884268
AglaT1M3,L. glaberrima,gla,A,1,3,3.24,1,09:56:00,17,0.30864197530864196
AglaT1M3,L. glaberrima,gla,A,1,3,5.36,1.72,09:56:00,17,0.3208955223880597
AglaT1M3,L. glaberrima,gla,A,1,3,4.12,1,09:56:00,17,0.24271844660194175
AglaT1M3,L. glaberrima,gla,A,1,3,3.59,1.15,09:56:00,17,0.3203342618384401
AglaT1M3,L. glaberrima,gla,A,1,3,2.89,0.8,09:56:00,17,0.2768166089965398
IcalT1M1,L. californica,cal,I,1,1,3.77,1.29,10:07:00,17,0.3421750663129974
IcalT1M1,L. californica,cal,I,1,1,3.59,1.15,10:07:00,17,0.3203342618384401
IcalT1M1,L. californica,cal,I,1,1,2.89,1.43,10:07:00,17,0.49480968858131485
IcalT1M1,L. californica,cal,I,1,1,3.42,0.8,10:07:00,17,0.23391812865497078
IcalT1M1,L. californica,cal,I,1,1,5.36,1.57,10:07:00,17,0.292910447761194
IcalT2M1,L. californica,cal,I,2,1,4.12,1.86,10:11:00,17,0.45145631067961167
IcalT2M1,L. californica,cal,I,2,1,4.47,2.36,10:11:00,17,0.5279642058165548
IcalT2M1,L. californica,cal,I,2,1,4.65,2.36,10:11:00,17,0.50752688172043
IcalT2M1,L. californica,cal,I,2,1,4.3,1.57,10:11:00,17,0.36511627906976746
IcalT2M1,L. californica,cal,I,2,1,3.24,1.43,10:11:00,17,0.441358024691358
DcalT1M3,L. californica,cal,D,1,3,3.59,1.15,10:24:00,17,0.3203342618384401
DcalT1M3,L. californica,cal,D,1,3,4.65,1.29,10:24:00,17,0.27741935483870966
DcalT1M3,L. californica,cal,D,1,3,2.89,1,10:24:00,17,0.3460207612456747
DcalT1M3,L. californica,cal,D,1,3,3.42,0.8,10:24:00,17,0.23391812865497078
DcalT1M3,L. californica,cal,D,1,3,1.86,0.2,10:24:00,17,0.10752688172043011
DcalT2M1,L. californica,cal,D,2,1,2.54,0,10:26:00,17,0
DcalT2M1,L. californica,cal,D,2,1,5.7,0.8,10:26:00,17,0.14035087719298245
DcalT2M1,L. californica,cal,D,2,1,5,1.15,10:26:00,17,0.22999999999999998
DcalT2M1,L. californica,cal,D,2,1,2.54,0.6,10:26:00,17,0.23622047244094488
DcalT2M1,L. californica,cal,D,2,1,2.89,0.6,10:26:00,17,0.20761245674740483
BglaT1M1,L. glaberrima,gla,B,1,1,2.36,0.4,10:18:00,17,0.16949152542372883
BglaT1M1,L. glaberrima,gla,B,1,1,2.18,0.4,10:18:00,17,0.1834862385321101
BglaT1M1,L. glaberrima,gla,B,1,1,3.94,0.8,10:18:00,17,0.20304568527918784
BglaT1M1,L. glaberrima,gla,B,1,1,4.12,0.8,10:18:00,17,0.1941747572815534
BglaT1M1,L. glaberrima,gla,B,1,1,2,0.6,10:18:00,17,0.3
BglaT2M2,L. glaberrima,gla,B,2,2,3.59,2.18,10:20:00,17,0.6072423398328691
BglaT2M2,L. glaberrima,gla,B,2,2,1.72,0.8,10:20:00,17,0.4651162790697675
BglaT2M2,L. glaberrima,gla,B,2,2,2.54,1.15,10:20:00,17,0.452755905511811
BglaT2M2,L. glaberrima,gla,B,2,2,2.18,1,10:20:00,17,0.4587155963302752
BglaT2M2,L. glaberrima,gla,B,2,2,1.86,1,10:20:00,17,0.5376344086021505
JcalT1M1,L. californica,cal,J,1,1,2.89,1.15,10:45:00,17,0.3979238754325259
JcalT1M1,L. californica,cal,J,1,1,3.24,1.15,10:45:00,17,0.35493827160493824
JcalT1M1,L. californica,cal,J,1,1,3.24,1.29,10:45:00,17,0.39814814814814814
JcalT1M1,L. californica,cal,J,1,1,2.89,1.29,10:45:00,17,0.4463667820069204
JcalT1M1,L. californica,cal,J,1,1,2.89,1.15,10:45:00,17,0.3979238754325259
JcalT1M2,L. californica,cal,J,1,2,3.94,1,10:42:00,17,0.25380710659898476
JcalT1M2,L. californica,cal,J,1,2,3.06,1,10:42:00,17,0.32679738562091504
JcalT1M2,L. californica,cal,J,1,2,3.24,1,10:42:00,17,0.30864197530864196
JcalT1M2,L. californica,cal,J,1,2,1.86,0.6,10:42:00,17,0.3225806451612903
JcalT1M2,L. californica,cal,J,1,2,2.54,0.6,10:42:00,17,0.23622047244094488
JcalT1M3,L. californica,cal,J,1,3,3.42,1,10:47:00,17,0.29239766081871343
JcalT1M3,L. californica,cal,J,1,3,3.06,1,10:47:00,17,0.32679738562091504
JcalT1M3,L. californica,cal,J,1,3,3.59,1.15,10:47:00,17,0.3203342618384401
JcalT1M3,L. californica,cal,J,1,3,3.59,1.29,10:47:00,17,0.3593314763231198
JcalT1M3,L. californica,cal,J,1,3,4.47,1,10:47:00,17,0.2237136465324385
JfreT1M1,L. fremontii,fre,J,1,1,4.82,0.4,10:30:00,17,0.08298755186721991
JfreT1M1,L. fremontii,fre,J,1,1,3.94,0.8,10:30:00,17,0.20304568527918784
JfreT1M1,L. fremontii,fre,J,1,1,3.24,0.6,10:30:00,17,0.18518518518518517
JfreT1M1,L. fremontii,fre,J,1,1,1.86,0.6,10:30:00,17,0.3225806451612903
JfreT1M1,L. fremontii,fre,J,1,1,2,0.6,10:30:00,17,0.3
JglaT2M3,L. glaberrima,gla,J,2,3,3.59,1.72,10:34:00,17,0.4791086350974931
JglaT2M3,L. glaberrima,gla,J,2,3,4.3,1.57,10:34:00,17,0.36511627906976746
JglaT2M3,L. glaberrima,gla,J,2,3,3.59,1.15,10:34:00,17,0.3203342618384401
JglaT2M3,L. glaberrima,gla,J,2,3,3.24,1.29,10:34:00,17,0.39814814814814814
JglaT2M3,L. glaberrima,gla,J,2,3,2.54,1,10:34:00,17,0.39370078740157477
FcalT1M3,L. californica,cal,F,1,3,3.77,1.43,10:50:00,17,0.3793103448275862
FcalT1M3,L. californica,cal,F,1,3,2.54,1.29,10:50:00,17,0.5078740157480315
FcalT1M3,L. californica,cal,F,1,3,3.24,1.15,10:50:00,17,0.35493827160493824
FcalT1M3,L. californica,cal,F,1,3,3.24,1.15,10:50:00,17,0.35493827160493824
FcalT1M3,L. californica,cal,F,1,3,3.24,1.43,10:50:00,17,0.441358024691358
FcalT2M1,L. californica,cal,F,2,1,3.06,1.43,10:53:00,17,0.46732026143790845
FcalT2M1,L. californica,cal,F,2,1,2.18,1.43,10:53:00,17,0.6559633027522935
FcalT2M1,L. californica,cal,F,2,1,5.53,1.72,10:53:00,17,0.31103074141048825
FcalT2M1,L. californica,cal,F,2,1,4.65,1.72,10:53:00,17,0.36989247311827955
FcalT2M1,L. californica,cal,F,2,1,3.59,1.72,10:53:00,17,0.4791086350974931
FfreT1M1,L. fremontii,fre,F,1,1,2.36,0.4,10:39:00,17,0.16949152542372883
FfreT1M1,L. fremontii,fre,F,1,1,2.71,1,10:39:00,17,0.36900369003690037
FfreT1M1,L. fremontii,fre,F,1,1,2.36,1.15,10:39:00,17,0.4872881355932203
FfreT1M1,L. fremontii,fre,F,1,1,2.89,0.6,10:39:00,17,0.20761245674740483
FfreT1M1,L. fremontii,fre,F,1,1,3.24,0.6,10:39:00,17,0.18518518518518517
CcalT1M1,L. californica,cal,C,1,1,1.86,0.2,11:06:00,17,0.10752688172043011
CcalT1M1,L. californica,cal,C,1,1,2.89,0.4,11:06:00,17,0.1384083044982699
CcalT1M1,L. californica,cal,C,1,1,1.86,0.2,11:06:00,17,0.10752688172043011
CcalT1M1,L. californica,cal,C,1,1,3.77,1,11:06:00,17,0.26525198938992045
CcalT1M1,L. californica,cal,C,1,1,2.71,0,11:06:00,17,0
CcalT1M2,L. californica,cal,C,1,2,3.59,0.6,11:04:00,17,0.1671309192200557
CcalT1M2,L. californica,cal,C,1,2,2.36,0.4,11:04:00,17,0.16949152542372883
CcalT1M2,L. californica,cal,C,1,2,3.24,0.2,11:04:00,17,0.06172839506172839
CcalT1M2,L. californica,cal,C,1,2,2.71,0.6,11:04:00,17,0.22140221402214022
CcalT1M2,L. californica,cal,C,1,2,5.18,1.15,11:04:00,17,0.222007722007722
CfreT2M3,L. fremontii,fre,C,2,3,3.24,0.8,10:56:00,17,0.24691358024691357
CfreT2M3,L. fremontii,fre,C,2,3,3.77,1.15,10:56:00,17,0.30503978779840846
CfreT2M3,L. fremontii,fre,C,2,3,2.54,0.2,10:56:00,17,0.07874015748031496
CfreT2M3,L. fremontii,fre,C,2,3,1.72,0.4,10:56:00,17,0.23255813953488375
CfreT2M3,L. fremontii,fre,C,2,3,2.71,1,10:56:00,17,0.36900369003690037
CglaT2M1,L. glaberrima,gla,C,2,1,2.89,1.15,11:01:00,17,0.3979238754325259
CglaT2M1,L. glaberrima,gla,C,2,1,2.89,1,11:01:00,17,0.3460207612456747
CglaT2M1,L. glaberrima,gla,C,2,1,1.57,0.6,11:01:00,17,0.38216560509554137
CglaT2M1,L. glaberrima,gla,C,2,1,2.36,0.6,11:01:00,17,0.2542372881355932
CglaT2M1,L. glaberrima,gla,C,2,1,3.06,1,11:01:00,17,0.32679738562091504
CglaT2M2,L. glaberrima,gla,C,2,2,1.43,0.6,10:59:00,17,0.4195804195804196
CglaT2M2,L. glaberrima,gla,C,2,2,1.72,0.4,10:59:00,17,0.23255813953488375
CglaT2M2,L. glaberrima,gla,C,2,2,2.89,0.6,10:59:00,17,0.20761245674740483
CglaT2M2,L. glaberrima,gla,C,2,2,2.18,0.4,10:59:00,17,0.1834862385321101
CglaT2M2,L. glaberrima,gla,C,2,2,1.29,0.4,10:59:00,17,0.31007751937984496
JglaT1M1,L. glaberrima,gla,J,1,1,1.57,0.8,12:56:00,19,0.5095541401273885
JglaT1M1,L. glaberrima,gla,J,1,1,1.29,0.6,12:56:00,19,0.46511627906976744
JglaT1M1,L. glaberrima,gla,J,1,1,1.15,0.6,12:56:00,19,0.5217391304347826
JglaT1M1,L. glaberrima,gla,J,1,1,1.57,0.8,12:56:00,19,0.5095541401273885
JglaT1M1,L. glaberrima,gla,J,1,1,1.29,0.4,12:56:00,19,0.31007751937984496
HfreT1M2,L. fremontii,fre,H,1,2,2,1.15,01:06:00,19,0.575
HfreT1M2,L. fremontii,fre,H,1,2,1.86,0.8,01:06:00,19,0.43010752688172044
HfreT1M2,L. fremontii,fre,H,1,2,2.71,1,01:06:00,19,0.36900369003690037
HfreT1M2,L. fremontii,fre,H,1,2,3.59,1.43,01:06:00,19,0.3983286908077994
HfreT1M2,L. fremontii,fre,H,1,2,2.71,1.29,01:06:00,19,0.47601476014760147
HglaT1M1,L. glaberrima,gla,H,1,1,2.18,1.15,01:04:00,19,0.5275229357798165
HglaT1M1,L. glaberrima,gla,H,1,1,3.59,1,01:04:00,19,0.2785515320334262
HglaT1M1,L. glaberrima,gla,H,1,1,3.24,1.15,01:04:00,19,0.35493827160493824
HglaT1M1,L. glaberrima,gla,H,1,1,2.71,0.6,01:04:00,19,0.22140221402214022
HglaT1M1,L. glaberrima,gla,H,1,1,2.89,0.6,01:04:00,19,0.20761245674740483
HglaT1M2,L. glaberrima,gla,H,1,2,1.29,0.8,01:02:00,19,0.6201550387596899
HglaT1M2,L. glaberrima,gla,H,1,2,0.8,0.2,01:02:00,19,0.25
HglaT1M2,L. glaberrima,gla,H,1,2,2.71,0.4,01:02:00,19,0.14760147601476015
HglaT1M2,L. glaberrima,gla,H,1,2,1.57,0.6,01:02:00,19,0.38216560509554137
HglaT1M2,L. glaberrima,gla,H,1,2,2,0.8,01:02:00,19,0.4
EfreT1M2,L. fremontii,fre,E,1,2,4.12,1.86,01:09:00,19,0.45145631067961167
EfreT1M2,L. fremontii,fre,E,1,2,3.42,1.29,01:09:00,19,0.37719298245614036
EfreT1M2,L. fremontii,fre,E,1,2,2.54,1,01:09:00,19,0.39370078740157477
EfreT1M2,L. fremontii,fre,E,1,2,2.54,1,01:09:00,19,0.39370078740157477
EfreT1M2,L. fremontii,fre,E,1,2,2,0.8,01:09:00,19,0.4
EglaT1M1,L. glaberrima,gla,E,1,1,2.18,0.8,01:13:00,19,0.3669724770642202
EglaT1M1,L. glaberrima,gla,E,1,1,1.43,0.4,01:13:00,19,0.27972027972027974
EglaT1M1,L. glaberrima,gla,E,1,1,1.43,0.4,01:13:00,19,0.27972027972027974
EglaT1M1,L. glaberrima,gla,E,1,1,1.29,0,01:13:00,19,0
EglaT1M1,L. glaberrima,gla,E,1,1,1.29,0.2,01:13:00,19,0.15503875968992248
GcalT2M1,L. californica,cal,G,2,1,0.6,0,01:20:00,19,0
GcalT2M1,L. californica,cal,G,2,1,1.15,0.2,01:20:00,19,0.1739130434782609
GcalT2M1,L. californica,cal,G,2,1,1.72,0.8,01:20:00,19,0.4651162790697675
GcalT2M1,L. californica,cal,G,2,1,2.18,0.8,01:20:00,19,0.3669724770642202
GcalT2M1,L. californica,cal,G,2,1,2.71,1.15,01:20:00,19,0.4243542435424354
GglaT1M1,L. glaberrima,gla,G,1,1,2.89,1.29,01:26:00,19,0.4463667820069204
GglaT1M1,L. glaberrima,gla,G,1,1,2.18,0.8,01:26:00,19,0.3669724770642202
GglaT1M1,L. glaberrima,gla,G,1,1,2.71,0.4,01:26:00,19,0.14760147601476015
GglaT1M1,L. glaberrima,gla,G,1,1,3.94,1.29,01:26:00,19,0.3274111675126904
GglaT1M1,L. glaberrima,gla,G,1,1,2.18,0.4,01:26:00,19,0.1834862385321101
GglaT1M2,L. glaberrima,gla,G,1,2,2.71,1.15,01:28:00,19,0.4243542435424354
GglaT1M2,L. glaberrima,gla,G,1,2,3.59,1.29,01:28:00,19,0.3593314763231198
GglaT1M2,L. glaberrima,gla,G,1,2,1.86,1,01:28:00,19,0.5376344086021505
GglaT1M2,L. glaberrima,gla,G,1,2,1.86,0.8,01:28:00,19,0.43010752688172044
GglaT1M2,L. glaberrima,gla,G,1,2,2.71,0.6,01:28:00,19,0.22140221402214022
